"eco_values","species","latitude","longitude","date_obs","source","Temperatur","Moisture","Landcover","Landforms","Climate_Re","Red","Green","Blue","W_Ecosystm","color","elevation","occurrence_id","tmax_mean_c","prec_annual","tas_current_october_c","tas_future_october_2050_c","delta_tas_october_c","NDVI"
97,"Tyto alba",42.7101,13.611,2026-02-25,"gbif","Cool Temperate","Moist","Forest","Mountains","Cool Temperate Moist",6,64,0,"Cool Temperate Moist Forest on Mountains","#064000",878,1,14.0000000000001,1161,10.85,11.7500000000001,0.900000000000034,0.8347
97,"Athene noctua",45.7919247696,9.9899002165,2025-06-19,"inat","Cool Temperate","Moist","Forest","Mountains","Cool Temperate Moist",6,64,0,"Cool Temperate Moist Forest on Mountains","#064000",400,2,14.6416666666667,1316,11.35,12.45,1.10000000000002,0.831
107,"Athene noctua",41.9712367518,13.7278972572,2026-02-25,"inat","Cool Temperate","Moist","Grassland","Mountains","Cool Temperate Moist",26,83,0,"Cool Temperate Moist Grassland on Mountains","#1A5300",1134,3,14.4666666666667,1129,10.85,11.7500000000001,0.900000000000034,0.5914
113,"Athene noctua",45.805891,9.885596,2026-02-20,"gbif","Cool Temperate","Moist","Settlement","Mountains","Cool Temperate Moist",61,67,0,"Cool Temperate Moist Settlement on Mountains","#3D4300",480,4,15.2333333333333,1140,11.85,12.95,1.10000000000002,0.6661
160,"Tyto alba",45.096031,11.433797,NA,"gbif","Warm Temperate","Moist","Cropland","Plains","Warm Temperate Moist",105,207,54,"Warm Temperate Moist Cropland on Plains","#69CF36",8,5,19,540,14.95,16.05,1.09999999999997,0.5385
160,"Tyto alba",45.99762,13.121382,NA,"gbif","Warm Temperate","Moist","Cropland","Plains","Warm Temperate Moist",105,207,54,"Warm Temperate Moist Cropland on Plains","#69CF36",58,6,17.6833333333333,1026,13.85,14.95,1.10000000000002,0.645
160,"Tyto alba",45.952216,13.097112,NA,"gbif","Warm Temperate","Moist","Cropland","Plains","Warm Temperate Moist",105,207,54,"Warm Temperate Moist Cropland on Plains","#69CF36",34,7,17.7333333333333,990,14.15,15.15,1,0.5127
160,"Tyto alba",45.731664,13.387375,NA,"gbif","Warm Temperate","Moist","Cropland","Plains","Warm Temperate Moist",105,207,54,"Warm Temperate Moist Cropland on Plains","#69CF36",0,8,16.8083333333334,1039,15.95,16.95,1,0.6093
160,"Tyto alba",45.27993,9.748806,2026-03-11,"gbif","Warm Temperate","Moist","Cropland","Plains","Warm Temperate Moist",105,207,54,"Warm Temperate Moist Cropland on Plains","#69CF36",64,9,18.325,787,14.15,15.35,1.19999999999999,0.3578
160,"Tyto alba",45.777188,13.424653,NA,"gbif","Warm Temperate","Moist","Cropland","Plains","Warm Temperate Moist",105,207,54,"Warm Temperate Moist Cropland on Plains","#69CF36",0,10,16.9416666666667,1083,15.65,16.65,1,0.6032
160,"Tyto alba",44.45569,11.872089,NA,"gbif","Warm Temperate","Moist","Cropland","Plains","Warm Temperate Moist",105,207,54,"Warm Temperate Moist Cropland on Plains","#69CF36",9,11,20.1250000000001,400,15.65,16.65,1,0.4761
160,"Tyto alba",45.901487,13.305113,NA,"gbif","Warm Temperate","Moist","Cropland","Plains","Warm Temperate Moist",105,207,54,"Warm Temperate Moist Cropland on Plains","#69CF36",25,12,17.525,1097,14.55,15.55,1,0.7144
160,"Tyto alba",44.555226,11.851803,NA,"gbif","Warm Temperate","Moist","Cropland","Plains","Warm Temperate Moist",105,207,54,"Warm Temperate Moist Cropland on Plains","#69CF36",1,13,20.0333333333334,398,15.7500000000001,16.7500000000001,1,0.2994
160,"Tyto alba",44.885312,12.030969,NA,"gbif","Warm Temperate","Moist","Cropland","Plains","Warm Temperate Moist",105,207,54,"Warm Temperate Moist Cropland on Plains","#69CF36",-5,14,19.3666666666667,446,15.7500000000001,16.85,1.09999999999997,0.4883
160,"Tyto alba",45.670192,9.442924,NA,"gbif","Warm Temperate","Moist","Cropland","Plains","Warm Temperate Moist",105,207,54,"Warm Temperate Moist Cropland on Plains","#69CF36",257,15,17.1,997,13.2500000000001,14.45,1.19999999999999,0.4893
160,"Tyto alba",45.969212,12.92711,2026-03-11,"gbif","Warm Temperate","Moist","Cropland","Plains","Warm Temperate Moist",105,207,54,"Warm Temperate Moist Cropland on Plains","#69CF36",45,16,17.6166666666667,938,13.95,15.05,1.09999999999997,0.3273
160,"Tyto alba",45.2716988756,10.3664945597,2026-04-24,"inat","Warm Temperate","Moist","Cropland","Plains","Warm Temperate Moist",105,207,54,"Warm Temperate Moist Cropland on Plains","#69CF36",43,17,18.5000000000001,688,14.65,15.85,1.19999999999999,0.4997
160,"Tyto alba",45.172318,10.219787,2026-03-10,"gbif","Warm Temperate","Moist","Cropland","Plains","Warm Temperate Moist",105,207,54,"Warm Temperate Moist Cropland on Plains","#69CF36",38,18,18.575,670,14.45,15.65,1.19999999999999,0.7325
160,"Tyto alba",45.941906,13.020057,NA,"gbif","Warm Temperate","Moist","Cropland","Plains","Warm Temperate Moist",105,207,54,"Warm Temperate Moist Cropland on Plains","#69CF36",28,19,17.7333333333333,963,14.15,15.2500000000001,1.10000000000002,0.6306
160,"Tyto alba",44.472151,11.558579,NA,"gbif","Warm Temperate","Moist","Cropland","Plains","Warm Temperate Moist",105,207,54,"Warm Temperate Moist Cropland on Plains","#69CF36",28,20,20.0833333333334,393,15.45,16.45,1,0.19
160,"Tyto alba",44.95858,12.098805,2026-04-07,"gbif","Warm Temperate","Moist","Cropland","Plains","Warm Temperate Moist",105,207,54,"Warm Temperate Moist Cropland on Plains","#69CF36",-3,21,18.5833333333334,468,15.85,16.95,1.10000000000002,0.3859
160,"Tyto alba",44.562636,12.085225,NA,"gbif","Warm Temperate","Moist","Cropland","Plains","Warm Temperate Moist",105,207,54,"Warm Temperate Moist Cropland on Plains","#69CF36",-1,22,19.2416666666667,402,16.05,17.05,1,0.4596
160,"Tyto alba",46.041517,13.055272,NA,"gbif","Warm Temperate","Moist","Cropland","Plains","Warm Temperate Moist",105,207,54,"Warm Temperate Moist Cropland on Plains","#69CF36",87,23,17.4583333333334,1024,13.65,14.7500000000001,1.10000000000002,0.3792
160,"Tyto alba",45.740661,13.387116,NA,"gbif","Warm Temperate","Moist","Cropland","Plains","Warm Temperate Moist",105,207,54,"Warm Temperate Moist Cropland on Plains","#69CF36",0,24,16.8333333333334,1041,15.85,16.85,1,0.6881
160,"Tyto alba",44.724468,12.077102,NA,"gbif","Warm Temperate","Moist","Cropland","Plains","Warm Temperate Moist",105,207,54,"Warm Temperate Moist Cropland on Plains","#69CF36",-1,25,19.1666666666667,411,15.95,16.95,1,0.1895
160,"Tyto alba",45.3691050767,10.2627100354,2025-07-15,"inat","Warm Temperate","Moist","Cropland","Plains","Warm Temperate Moist",105,207,54,"Warm Temperate Moist Cropland on Plains","#69CF36",66,26,18.3333333333334,724,14.55,15.7500000000001,1.20000000000005,0.2785
160,"Tyto alba",45.575518722,12.4557886402,2026-03-17,"inat","Warm Temperate","Moist","Cropland","Plains","Warm Temperate Moist",105,207,54,"Warm Temperate Moist Cropland on Plains","#69CF36",-3,27,17.025,687,15.35,16.45,1.10000000000002,0.5049
160,"Tyto alba",44.793593,11.673892,NA,"gbif","Warm Temperate","Moist","Cropland","Plains","Warm Temperate Moist",105,207,54,"Warm Temperate Moist Cropland on Plains","#69CF36",0,28,19.9083333333334,433,15.45,16.45,1,0.3256
160,"Tyto alba",44.513337,11.723943,NA,"gbif","Warm Temperate","Moist","Cropland","Plains","Warm Temperate Moist",105,207,54,"Warm Temperate Moist Cropland on Plains","#69CF36",6,29,20.1,392,15.65,16.65,1,0.3115
160,"Tyto alba",44.439883,11.783353,NA,"gbif","Warm Temperate","Moist","Cropland","Plains","Warm Temperate Moist",105,207,54,"Warm Temperate Moist Cropland on Plains","#69CF36",11,30,20.1083333333333,396,15.65,16.65,1,0.1828
160,"Tyto alba",44.903023,11.184971,NA,"gbif","Warm Temperate","Moist","Cropland","Plains","Warm Temperate Moist",105,207,54,"Warm Temperate Moist Cropland on Plains","#69CF36",7,31,19.375,478,15.15,16.2500000000001,1.10000000000002,0.3837
160,"Tyto alba",45.094038,11.903934,NA,"gbif","Warm Temperate","Moist","Cropland","Plains","Warm Temperate Moist",105,207,54,"Warm Temperate Moist Cropland on Plains","#69CF36",0,32,19.2,503,15.2500000000001,16.35,1.09999999999997,0.4279
160,"Tyto alba",45.963684,13.251594,NA,"gbif","Warm Temperate","Moist","Cropland","Plains","Warm Temperate Moist",105,207,54,"Warm Temperate Moist Cropland on Plains","#69CF36",49,33,17.6583333333334,1089,14.05,15.05,1,0.6735
160,"Tyto alba",44.9023333588,7.6598995185,2026-02-23,"inat","Warm Temperate","Moist","Cropland","Plains","Warm Temperate Moist",105,207,54,"Warm Temperate Moist Cropland on Plains","#69CF36",234,34,17.7083333333334,556,13.35,14.65,1.30000000000001,0.2545
160,"Tyto alba",45.365029,12.133663,NA,"gbif","Warm Temperate","Moist","Cropland","Plains","Warm Temperate Moist",105,207,54,"Warm Temperate Moist Cropland on Plains","#69CF36",-2,35,17.575,581,15.45,16.65,1.19999999999999,0.5188
160,"Athene noctua",45.6283333333,9.7242116667,2023-06-18,"inat","Warm Temperate","Moist","Cropland","Plains","Warm Temperate Moist",105,207,54,"Warm Temperate Moist Cropland on Plains","#69CF36",195,36,17.2916666666667,956,13.2500000000001,14.45,1.19999999999999,0.5591
160,"Tyto alba",46.032521,13.055588,NA,"gbif","Warm Temperate","Moist","Cropland","Plains","Warm Temperate Moist",105,207,54,"Warm Temperate Moist Cropland on Plains","#69CF36",82,37,17.5000000000001,1016,13.65,14.7500000000001,1.10000000000002,0.502
160,"Tyto alba",44.840957,11.30449,2025-03-08,"gbif","Warm Temperate","Moist","Cropland","Plains","Warm Temperate Moist",105,207,54,"Warm Temperate Moist Cropland on Plains","#69CF36",12,38,19.6333333333334,455,15.2500000000001,16.2500000000001,1,0.4601
160,"Tyto alba",44.546548,11.838791,NA,"gbif","Warm Temperate","Moist","Cropland","Plains","Warm Temperate Moist",105,207,54,"Warm Temperate Moist Cropland on Plains","#69CF36",2,39,20.05,394,15.7500000000001,16.7500000000001,1,0.3733
160,"Tyto alba",44.652214,11.932226,NA,"gbif","Warm Temperate","Moist","Cropland","Plains","Warm Temperate Moist",105,207,54,"Warm Temperate Moist Cropland on Plains","#69CF36",-3,40,20.0083333333334,401,15.7500000000001,16.7500000000001,1,0.3156
160,"Tyto alba",44.9244598756,12.2357574105,2026-02-20,"inat","Warm Temperate","Moist","Cropland","Plains","Warm Temperate Moist",105,207,54,"Warm Temperate Moist Cropland on Plains","#69CF36",-2,41,17.3166666666667,456,16.45,17.55,1.09999999999997,0.6261
160,"Tyto alba",44.689461,12.116728,NA,"gbif","Warm Temperate","Moist","Cropland","Plains","Warm Temperate Moist",105,207,54,"Warm Temperate Moist Cropland on Plains","#69CF36",-3,42,18.7666666666667,409,16.15,17.15,1,0.6002
160,"Tyto alba",45.652194,11.499189,2026-01-22,"gbif","Warm Temperate","Moist","Cropland","Plains","Warm Temperate Moist",105,207,54,"Warm Temperate Moist Cropland on Plains","#69CF36",68,43,17.5666666666667,785,13.95,15.05,1.09999999999997,0.5638
160,"Tyto alba",44.213537,12.165104,NA,"gbif","Warm Temperate","Moist","Cropland","Plains","Warm Temperate Moist",105,207,54,"Warm Temperate Moist Cropland on Plains","#69CF36",16,44,20.5416666666667,433,15.7500000000001,16.85,1.09999999999997,0.4187
160,"Tyto alba",46.060375,13.106326,NA,"gbif","Warm Temperate","Moist","Cropland","Plains","Warm Temperate Moist",105,207,54,"Warm Temperate Moist Cropland on Plains","#69CF36",101,45,17.3416666666667,1066,13.45,14.55,1.09999999999997,0.6416
160,"Tyto alba",44.705946,12.180774,2025-01-04,"gbif","Warm Temperate","Moist","Cropland","Plains","Warm Temperate Moist",105,207,54,"Warm Temperate Moist Cropland on Plains","#69CF36",-3,46,18.1333333333334,414,16.35,17.45,1.10000000000002,0.3256
160,"Tyto alba",45.933998,13.071332,2026-02-20,"gbif","Warm Temperate","Moist","Cropland","Plains","Warm Temperate Moist",105,207,54,"Warm Temperate Moist Cropland on Plains","#69CF36",26,47,17.7333333333333,976,14.2500000000001,15.2500000000001,1,0.4346
160,"Tyto alba",44.8518962263,10.6259324402,2026-01-28,"inat","Warm Temperate","Moist","Cropland","Plains","Warm Temperate Moist",105,207,54,"Warm Temperate Moist Cropland on Plains","#69CF36",17,48,19.0583333333334,484,14.7500000000001,15.85,1.09999999999997,0.7358
160,"Tyto alba",45.097166,10.213411,2026-02-27,"gbif","Warm Temperate","Moist","Cropland","Plains","Warm Temperate Moist",105,207,54,"Warm Temperate Moist Cropland on Plains","#69CF36",29,49,18.6,638,14.55,15.7500000000001,1.20000000000005,0.5767
160,"Tyto alba",44.753033,12.138835,NA,"gbif","Warm Temperate","Moist","Cropland","Plains","Warm Temperate Moist",105,207,54,"Warm Temperate Moist Cropland on Plains","#69CF36",-1,50,18.475,417,16.15,17.2500000000001,1.10000000000002,0.5068
160,"Tyto alba",45.6521940606,11.4991888736,2026-01-22,"inat","Warm Temperate","Moist","Cropland","Plains","Warm Temperate Moist",105,207,54,"Warm Temperate Moist Cropland on Plains","#69CF36",68,51,17.5666666666667,785,13.95,15.05,1.09999999999997,0.5638
160,"Tyto alba",44.481983,11.521288,NA,"gbif","Warm Temperate","Moist","Cropland","Plains","Warm Temperate Moist",105,207,54,"Warm Temperate Moist Cropland on Plains","#69CF36",33,52,20.075,390,15.45,16.45,1,0.5021
160,"Tyto alba",44.980002,12.216342,NA,"gbif","Warm Temperate","Moist","Cropland","Plains","Warm Temperate Moist",105,207,54,"Warm Temperate Moist Cropland on Plains","#69CF36",-2,53,17.4333333333334,472,16.2500000000001,17.35,1.09999999999997,0.5319
160,"Tyto alba",44.9511202356,11.2051819637,2026-04-20,"inat","Warm Temperate","Moist","Cropland","Plains","Warm Temperate Moist",105,207,54,"Warm Temperate Moist Cropland on Plains","#69CF36",6,54,19.2083333333334,500,15.15,16.2500000000001,1.10000000000002,0.254
160,"Tyto alba",44.671572,10.457142,NA,"gbif","Warm Temperate","Moist","Cropland","Plains","Warm Temperate Moist",105,207,54,"Warm Temperate Moist Cropland on Plains","#69CF36",116,55,18.5666666666667,512,14.2500000000001,15.35,1.09999999999997,0.6181
160,"Tyto alba",45.575519,12.455789,2026-03-17,"gbif","Warm Temperate","Moist","Cropland","Plains","Warm Temperate Moist",105,207,54,"Warm Temperate Moist Cropland on Plains","#69CF36",-3,56,17.025,687,15.35,16.45,1.10000000000002,0.5049
160,"Tyto alba",45.446598,10.387455,NA,"gbif","Warm Temperate","Moist","Cropland","Plains","Warm Temperate Moist",105,207,54,"Warm Temperate Moist Cropland on Plains","#69CF36",111,57,17.975,741,14.7500000000001,15.95,1.19999999999999,0.6185
160,"Tyto alba",45.124349,11.371423,NA,"gbif","Warm Temperate","Moist","Cropland","Plains","Warm Temperate Moist",105,207,54,"Warm Temperate Moist Cropland on Plains","#69CF36",6,58,18.8916666666667,551,14.95,16.05,1.09999999999997,0.4682
160,"Tyto alba",44.751232,10.56021,NA,"gbif","Warm Temperate","Moist","Cropland","Plains","Warm Temperate Moist",105,207,54,"Warm Temperate Moist Cropland on Plains","#69CF36",33,59,19.0916666666667,469,14.7500000000001,15.85,1.09999999999997,0.6924
160,"Tyto alba",45.065106,11.978682,NA,"gbif","Warm Temperate","Moist","Cropland","Plains","Warm Temperate Moist",105,207,54,"Warm Temperate Moist Cropland on Plains","#69CF36",0,60,19.175,497,15.35,16.45,1.10000000000002,0.2008
160,"Tyto alba",45.3540030215,10.3776501755,2025-08-13,"inat","Warm Temperate","Moist","Cropland","Plains","Warm Temperate Moist",105,207,54,"Warm Temperate Moist Cropland on Plains","#69CF36",69,61,18.2916666666667,708,14.7500000000001,15.95,1.19999999999999,0.5469
160,"Tyto alba",44.695148,11.227619,NA,"gbif","Warm Temperate","Moist","Cropland","Plains","Warm Temperate Moist",105,207,54,"Warm Temperate Moist Cropland on Plains","#69CF36",15,62,19.9166666666667,410,15.35,16.35,1,0.2649
160,"Athene noctua",45.445202,10.579983,2026-03-01,"gbif","Warm Temperate","Moist","Cropland","Plains","Warm Temperate Moist",105,207,54,"Warm Temperate Moist Cropland on Plains","#69CF36",85,63,18.1083333333333,709,14.95,16.15,1.19999999999999,0.6916
160,"Tyto alba",46.014311,13.043308,NA,"gbif","Warm Temperate","Moist","Cropland","Plains","Warm Temperate Moist",105,207,54,"Warm Temperate Moist Cropland on Plains","#69CF36",72,64,17.5666666666667,1006,13.7500000000001,14.85,1.09999999999997,0.5569
160,"Tyto alba",45.758289,13.360891,NA,"gbif","Warm Temperate","Moist","Cropland","Plains","Warm Temperate Moist",105,207,54,"Warm Temperate Moist Cropland on Plains","#69CF36",-2,65,16.9,1040,15.7500000000001,16.7500000000001,1,0.6429
160,"Athene noctua",45.446562,9.489822,2026-03-20,"gbif","Warm Temperate","Moist","Cropland","Plains","Warm Temperate Moist",105,207,54,"Warm Temperate Moist Cropland on Plains","#69CF36",89,66,18.25,838,13.85,15.05,1.19999999999999,0.795
160,"Tyto alba",45.436327874,10.2057079627,2026-03-21,"inat","Warm Temperate","Moist","Cropland","Plains","Warm Temperate Moist",105,207,54,"Warm Temperate Moist Cropland on Plains","#69CF36",90,67,18.15,752,14.55,15.7500000000001,1.20000000000005,0.4858
160,"Tyto alba",41.467235,13.030443,NA,"gbif","Warm Temperate","Moist","Cropland","Plains","Warm Temperate Moist",105,207,54,"Warm Temperate Moist Cropland on Plains","#69CF36",5,68,20.875,1138,17.65,18.55,0.899999999999977,0.5952
160,"Tyto alba",44.575679,12.248312,NA,"gbif","Warm Temperate","Moist","Cropland","Plains","Warm Temperate Moist",105,207,54,"Warm Temperate Moist Cropland on Plains","#69CF36",-1,69,17.9333333333334,411,16.45,17.55,1.09999999999997,0.4909
160,"Tyto alba",44.969499,10.388585,NA,"gbif","Warm Temperate","Moist","Cropland","Plains","Warm Temperate Moist",105,207,54,"Warm Temperate Moist Cropland on Plains","#69CF36",23,70,18.6916666666667,566,14.65,15.7500000000001,1.10000000000002,0.6797
160,"Tyto alba",44.483354,11.458468,NA,"gbif","Warm Temperate","Moist","Cropland","Plains","Warm Temperate Moist",105,207,54,"Warm Temperate Moist Cropland on Plains","#69CF36",49,71,20.0083333333334,390,15.35,16.35,1,0.3748
160,"Tyto alba",45.1723175,10.2197866389,2026-03-10,"inat","Warm Temperate","Moist","Cropland","Plains","Warm Temperate Moist",105,207,54,"Warm Temperate Moist Cropland on Plains","#69CF36",38,72,18.575,670,14.45,15.65,1.19999999999999,0.7325
160,"Tyto alba",45.2542710299,10.2361056488,2025-10-27,"inat","Warm Temperate","Moist","Cropland","Plains","Warm Temperate Moist",105,207,54,"Warm Temperate Moist Cropland on Plains","#69CF36",43,73,18.5166666666667,693,14.45,15.65,1.19999999999999,0.5125
160,"Tyto alba",44.271997,12.299397,2025-01-09,"gbif","Warm Temperate","Moist","Cropland","Plains","Warm Temperate Moist",105,207,54,"Warm Temperate Moist Cropland on Plains","#69CF36",-1,74,20.0916666666667,414,16.15,17.2500000000001,1.10000000000002,0.6173
160,"Tyto alba",46.000853,12.798397,NA,"gbif","Warm Temperate","Moist","Cropland","Plains","Warm Temperate Moist",105,207,54,"Warm Temperate Moist Cropland on Plains","#69CF36",48,75,17.4166666666667,895,13.85,14.95,1.10000000000002,0.6237
160,"Athene noctua",45.4779690395,8.9156902581,2026-03-29,"inat","Warm Temperate","Moist","Cropland","Plains","Warm Temperate Moist",105,207,54,"Warm Temperate Moist Cropland on Plains","#69CF36",141,76,18.2,811,13.7500000000001,14.95,1.19999999999999,0.6327
160,"Tyto alba",45.004943,9.031719,NA,"gbif","Warm Temperate","Moist","Cropland","Plains","Warm Temperate Moist",105,207,54,"Warm Temperate Moist Cropland on Plains","#69CF36",86,77,18.725,569,14.35,15.55,1.19999999999999,0.6519
160,"Tyto alba",44.884783,10.665117,NA,"gbif","Warm Temperate","Moist","Cropland","Plains","Warm Temperate Moist",105,207,54,"Warm Temperate Moist Cropland on Plains","#69CF36",18,78,19.025,500,14.7500000000001,15.85,1.09999999999997,0.6472
160,"Tyto alba",44.8884152206,7.7306678585,2026-02-23,"inat","Warm Temperate","Moist","Cropland","Plains","Warm Temperate Moist",105,207,54,"Warm Temperate Moist Cropland on Plains","#69CF36",235,79,17.85,527,13.35,14.65,1.30000000000001,0.4723
160,"Tyto alba",45.9339984503,13.0713315681,2026-02-20,"inat","Warm Temperate","Moist","Cropland","Plains","Warm Temperate Moist",105,207,54,"Warm Temperate Moist Cropland on Plains","#69CF36",26,80,17.7333333333333,976,14.2500000000001,15.2500000000001,1,0.4346
160,"Tyto alba",45.117901,12.272644,2025-03-21,"gbif","Warm Temperate","Moist","Cropland","Plains","Warm Temperate Moist",105,207,54,"Warm Temperate Moist Cropland on Plains","#69CF36",-2,81,17.05,523,16.35,17.45,1.10000000000002,0.608
160,"Tyto alba",45.76576,12.743368,NA,"gbif","Warm Temperate","Moist","Cropland","Plains","Warm Temperate Moist",105,207,54,"Warm Temperate Moist Cropland on Plains","#69CF36",0,82,17.675,802,14.65,15.7500000000001,1.10000000000002,0.6769
160,"Tyto alba",44.9817577767,12.1784277735,2025-09-21,"inat","Warm Temperate","Moist","Cropland","Plains","Warm Temperate Moist",105,207,54,"Warm Temperate Moist Cropland on Plains","#69CF36",-2,83,17.7500000000001,473,16.15,17.2500000000001,1.10000000000002,0.4251
160,"Tyto alba",44.602927,11.337499,NA,"gbif","Warm Temperate","Moist","Cropland","Plains","Warm Temperate Moist",105,207,54,"Warm Temperate Moist Cropland on Plains","#69CF36",21,84,20.0916666666667,393,15.35,16.35,1,0.3123
160,"Tyto alba",45.014770611,9.0090520198,2025-09-20,"inat","Warm Temperate","Moist","Cropland","Plains","Warm Temperate Moist",105,207,54,"Warm Temperate Moist Cropland on Plains","#69CF36",79,85,18.7666666666667,562,14.35,15.55,1.19999999999999,0.4401
160,"Tyto alba",44.92611,10.248149,NA,"gbif","Warm Temperate","Moist","Cropland","Plains","Warm Temperate Moist",105,207,54,"Warm Temperate Moist Cropland on Plains","#69CF36",34,86,18.6333333333334,566,14.55,15.65,1.10000000000002,0.7142
160,"Tyto alba",44.8658055422,11.6996250239,2025-08-28,"inat","Warm Temperate","Moist","Cropland","Plains","Warm Temperate Moist",105,207,54,"Warm Temperate Moist Cropland on Plains","#69CF36",2,87,19.725,450,15.35,16.35,1,0.467
160,"Tyto alba",45.5202275495,9.3032892421,2026-02-04,"inat","Warm Temperate","Moist","Cropland","Plains","Warm Temperate Moist",105,207,54,"Warm Temperate Moist Cropland on Plains","#69CF36",121,88,18.0916666666667,888,13.7500000000001,14.95,1.19999999999999,0.7576
160,"Tyto alba",44.888415,7.730668,2026-02-23,"gbif","Warm Temperate","Moist","Cropland","Plains","Warm Temperate Moist",105,207,54,"Warm Temperate Moist Cropland on Plains","#69CF36",235,89,17.85,527,13.35,14.65,1.30000000000001,0.4723
160,"Tyto alba",44.760789,11.533392,NA,"gbif","Warm Temperate","Moist","Cropland","Plains","Warm Temperate Moist",105,207,54,"Warm Temperate Moist Cropland on Plains","#69CF36",4,90,20.0416666666667,425,15.35,16.35,1,0.1333
160,"Tyto alba",44.6834428016,11.0730855167,2025-08-26,"inat","Warm Temperate","Moist","Cropland","Plains","Warm Temperate Moist",105,207,54,"Warm Temperate Moist Cropland on Plains","#69CF36",19,91,19.775,415,15.15,16.15,1,0.2834
160,"Tyto alba",45.628205,9.7239133333,2022-07-29,"inat","Warm Temperate","Moist","Cropland","Plains","Warm Temperate Moist",105,207,54,"Warm Temperate Moist Cropland on Plains","#69CF36",195,92,17.2916666666667,956,13.2500000000001,14.45,1.19999999999999,0.5591
160,"Tyto alba",41.5322227308,12.7396144622,2026-04-26,"inat","Warm Temperate","Moist","Cropland","Plains","Warm Temperate Moist",105,207,54,"Warm Temperate Moist Cropland on Plains","#69CF36",33,93,19.5333333333334,958,18.2500000000001,19.05,0.799999999999955,0.5806
160,"Tyto alba",44.9451934323,10.8148005232,2025-08-27,"inat","Warm Temperate","Moist","Cropland","Plains","Warm Temperate Moist",105,207,54,"Warm Temperate Moist Cropland on Plains","#69CF36",16,94,19.0000000000001,512,14.7500000000001,15.85,1.09999999999997,0.5983
160,"Tyto alba",44.757623,11.672231,NA,"gbif","Warm Temperate","Moist","Cropland","Plains","Warm Temperate Moist",105,207,54,"Warm Temperate Moist Cropland on Plains","#69CF36",2,95,19.9833333333333,424,15.45,16.45,1,0.4535
160,"Tyto alba",45.2763036,9.7613434,2003-09-07,"inat","Warm Temperate","Moist","Cropland","Plains","Warm Temperate Moist",105,207,54,"Warm Temperate Moist Cropland on Plains","#69CF36",61,96,18.35,783,14.2500000000001,15.45,1.19999999999999,0.6858
160,"Tyto alba",44.805475,11.54799,NA,"gbif","Warm Temperate","Moist","Cropland","Plains","Warm Temperate Moist",105,207,54,"Warm Temperate Moist Cropland on Plains","#69CF36",9,97,19.8833333333334,440,15.35,16.35,1,0.7645
160,"Tyto alba",44.26655,12.124967,NA,"gbif","Warm Temperate","Moist","Cropland","Plains","Warm Temperate Moist",105,207,54,"Warm Temperate Moist Cropland on Plains","#69CF36",10,98,20.5500000000001,420,15.7500000000001,16.85,1.09999999999997,0.3318
160,"Tyto alba",44.592574,12.081799,2025-01-04,"gbif","Warm Temperate","Moist","Cropland","Plains","Warm Temperate Moist",105,207,54,"Warm Temperate Moist Cropland on Plains","#69CF36",-3,99,19.275,402,16.05,17.05,1,0.6872
160,"Tyto alba",44.960583,11.453418,NA,"gbif","Warm Temperate","Moist","Cropland","Plains","Warm Temperate Moist",105,207,54,"Warm Temperate Moist Cropland on Plains","#69CF36",5,100,19.3916666666667,495,15.15,16.2500000000001,1.10000000000002,0.3377
160,"Tyto alba",44.9585804888,12.0988054946,2026-04-07,"inat","Warm Temperate","Moist","Cropland","Plains","Warm Temperate Moist",105,207,54,"Warm Temperate Moist Cropland on Plains","#69CF36",-3,101,18.5833333333334,468,15.85,16.95,1.10000000000002,0.3859
160,"Tyto alba",44.506987,11.610425,NA,"gbif","Warm Temperate","Moist","Cropland","Plains","Warm Temperate Moist",105,207,54,"Warm Temperate Moist Cropland on Plains","#69CF36",17,102,20.1416666666667,392,15.55,16.55,1,0.3609
160,"Tyto alba",44.4916570771,12.2149079293,NA,"inat","Warm Temperate","Moist","Cropland","Plains","Warm Temperate Moist",105,207,54,"Warm Temperate Moist Cropland on Plains","#69CF36",2,103,18.525,402,16.2500000000001,17.35,1.09999999999997,0.7149
160,"Tyto alba",44.9288238997,12.1551103997,2025-08-05,"inat","Warm Temperate","Moist","Cropland","Plains","Warm Temperate Moist",105,207,54,"Warm Temperate Moist Cropland on Plains","#69CF36",0,104,18.0416666666667,460,16.05,17.15,1.10000000000002,0.6464
160,"Tyto alba",45.1115372342,10.3355265064,2025-07-27,"inat","Warm Temperate","Moist","Cropland","Plains","Warm Temperate Moist",105,207,54,"Warm Temperate Moist Cropland on Plains","#69CF36",30,105,18.5833333333334,634,14.55,15.7500000000001,1.20000000000005,0.4213
160,"Athene noctua",45.2763036,9.7613434,2026-05-02,"inat","Warm Temperate","Moist","Cropland","Plains","Warm Temperate Moist",105,207,54,"Warm Temperate Moist Cropland on Plains","#69CF36",61,106,18.35,783,14.2500000000001,15.45,1.19999999999999,0.6858
160,"Tyto alba",45.160736,10.14728,2025-03-13,"gbif","Warm Temperate","Moist","Cropland","Plains","Warm Temperate Moist",105,207,54,"Warm Temperate Moist Cropland on Plains","#69CF36",40,107,18.5583333333334,676,14.45,15.65,1.19999999999999,0.5888
160,"Tyto alba",45.022942,8.955572,NA,"gbif","Warm Temperate","Moist","Cropland","Plains","Warm Temperate Moist",105,207,54,"Warm Temperate Moist Cropland on Plains","#69CF36",73,108,18.8333333333334,544,14.35,15.65,1.30000000000001,0.2285
160,"Tyto alba",46.023526,13.055903,NA,"gbif","Warm Temperate","Moist","Cropland","Plains","Warm Temperate Moist",105,207,54,"Warm Temperate Moist Cropland on Plains","#69CF36",76,109,17.5333333333334,1016,13.65,14.7500000000001,1.10000000000002,0.4768
160,"Tyto alba",44.260641,12.250529,NA,"gbif","Warm Temperate","Moist","Cropland","Plains","Warm Temperate Moist",105,207,54,"Warm Temperate Moist Cropland on Plains","#69CF36",5,110,20.2666666666667,414,15.95,17.05,1.09999999999997,0.5015
160,"Tyto alba",45.2799298248,9.7488059223,2026-03-11,"inat","Warm Temperate","Moist","Cropland","Plains","Warm Temperate Moist",105,207,54,"Warm Temperate Moist Cropland on Plains","#69CF36",64,111,18.325,787,14.15,15.35,1.19999999999999,0.3578
160,"Athene noctua",45.580859,9.72228,2026-02-16,"gbif","Warm Temperate","Moist","Cropland","Plains","Warm Temperate Moist",105,207,54,"Warm Temperate Moist Cropland on Plains","#69CF36",155,112,17.6250000000001,918,13.45,14.65,1.19999999999999,0.6409
160,"Tyto alba",45.2515149869,10.3451291304,2025-10-27,"inat","Warm Temperate","Moist","Cropland","Plains","Warm Temperate Moist",105,207,54,"Warm Temperate Moist Cropland on Plains","#69CF36",40,113,18.5166666666667,686,14.65,15.85,1.19999999999999,0.5335
160,"Tyto alba",44.3618950242,12.2539012432,2026-03-09,"inat","Warm Temperate","Moist","Cropland","Plains","Warm Temperate Moist",105,207,54,"Warm Temperate Moist Cropland on Plains","#69CF36",-2,114,19.5083333333334,403,16.15,17.2500000000001,1.10000000000002,0.254
160,"Tyto alba",45.013935,8.942888,NA,"gbif","Warm Temperate","Moist","Cropland","Plains","Warm Temperate Moist",105,207,54,"Warm Temperate Moist Cropland on Plains","#69CF36",72,115,18.8416666666667,543,14.35,15.55,1.19999999999999,0.0288
160,"Tyto alba",44.9500541531,12.138240337,2026-03-02,"inat","Warm Temperate","Moist","Cropland","Plains","Warm Temperate Moist",105,207,54,"Warm Temperate Moist Cropland on Plains","#69CF36",-2,116,18.1916666666667,464,16.05,17.15,1.10000000000002,0.8108
160,"Athene noctua",45.29205,10.5730366667,2025-03-10,"inat","Warm Temperate","Moist","Cropland","Plains","Warm Temperate Moist",105,207,54,"Warm Temperate Moist Cropland on Plains","#69CF36",48,117,18.4,663,14.7500000000001,15.95,1.19999999999999,0.6054
160,"Tyto alba",44.748124,11.280187,NA,"gbif","Warm Temperate","Moist","Cropland","Plains","Warm Temperate Moist",105,207,54,"Warm Temperate Moist Cropland on Plains","#69CF36",10,118,19.8666666666667,423,15.35,16.35,1,0.256
160,"Tyto alba",45.2133002642,10.2059103354,2025-10-07,"inat","Warm Temperate","Moist","Cropland","Plains","Warm Temperate Moist",105,207,54,"Warm Temperate Moist Cropland on Plains","#69CF36",42,119,18.5333333333334,686,14.45,15.65,1.19999999999999,0.5428
160,"Athene noctua",45.487514,11.393014,2026-02-27,"gbif","Warm Temperate","Moist","Cropland","Plains","Warm Temperate Moist",105,207,54,"Warm Temperate Moist Cropland on Plains","#69CF36",66,120,17.9666666666667,689,14.15,15.2500000000001,1.10000000000002,0.5947
160,"Tyto alba",44.5934385846,11.6122797437,2025-09-25,"inat","Warm Temperate","Moist","Cropland","Plains","Warm Temperate Moist",105,207,54,"Warm Temperate Moist Cropland on Plains","#69CF36",9,121,20.15,394,15.55,16.55,1,0.6026
160,"Tyto alba",41.396223,13.092394,NA,"gbif","Warm Temperate","Moist","Cropland","Plains","Warm Temperate Moist",105,207,54,"Warm Temperate Moist Cropland on Plains","#69CF36",4,122,20.4833333333333,1080,17.95,18.85,0.899999999999977,0.3333
160,"Tyto alba",44.7909977138,10.944051814,2026-01-10,"inat","Warm Temperate","Moist","Cropland","Plains","Warm Temperate Moist",105,207,54,"Warm Temperate Moist Cropland on Plains","#69CF36",19,123,19.5083333333334,439,14.95,15.95,1,0.393
160,"Tyto alba",44.686642,11.202055,NA,"gbif","Warm Temperate","Moist","Cropland","Plains","Warm Temperate Moist",105,207,54,"Warm Temperate Moist Cropland on Plains","#69CF36",12,124,19.9083333333334,407,15.35,16.35,1,0.3949
160,"Tyto alba",45.969991,13.083593,NA,"gbif","Warm Temperate","Moist","Cropland","Plains","Warm Temperate Moist",105,207,54,"Warm Temperate Moist Cropland on Plains","#69CF36",44,125,17.7083333333334,994,13.95,15.05,1.09999999999997,0.4841
160,"Tyto alba",44.670551,11.100519,NA,"gbif","Warm Temperate","Moist","Cropland","Plains","Warm Temperate Moist",105,207,54,"Warm Temperate Moist Cropland on Plains","#69CF36",20,126,19.8166666666667,410,15.2500000000001,16.2500000000001,1,0.2887
160,"Tyto alba",44.78619,11.624702,2025-04-25,"gbif","Warm Temperate","Moist","Cropland","Plains","Warm Temperate Moist",105,207,54,"Warm Temperate Moist Cropland on Plains","#69CF36",5,127,19.9250000000001,434,15.35,16.35,1,0.5284
160,"Tyto alba",44.785611,11.62396,2025-04-25,"gbif","Warm Temperate","Moist","Cropland","Plains","Warm Temperate Moist",105,207,54,"Warm Temperate Moist Cropland on Plains","#69CF36",5,128,19.9250000000001,434,15.35,16.35,1,0.5284
160,"Athene noctua",45.6388682758,11.485235445,2026-05-08,"inat","Warm Temperate","Moist","Cropland","Plains","Warm Temperate Moist",105,207,54,"Warm Temperate Moist Cropland on Plains","#69CF36",67,129,17.65,776,14.05,15.15,1.10000000000002,0.5171
160,"Tyto alba",44.847546,12.32397,NA,"gbif","Warm Temperate","Moist","Cropland","Plains","Warm Temperate Moist",105,207,54,"Warm Temperate Moist Cropland on Plains","#69CF36",-3,130,17.0583333333334,437,16.65,17.7500000000001,1.10000000000002,0.4536
160,"Athene noctua",44.60595,11.643312,2026-02-25,"gbif","Warm Temperate","Moist","Cropland","Plains","Warm Temperate Moist",105,207,54,"Warm Temperate Moist Cropland on Plains","#69CF36",5,131,20.1416666666667,395,15.55,16.55,1,0.4994
160,"Tyto alba",46.013641,13.004579,NA,"gbif","Warm Temperate","Moist","Cropland","Plains","Warm Temperate Moist",105,207,54,"Warm Temperate Moist Cropland on Plains","#69CF36",67,132,17.5666666666667,985,13.7500000000001,14.85,1.09999999999997,0.6648
160,"Tyto alba",44.763198918,12.0970179349,2025-11-23,"inat","Warm Temperate","Moist","Cropland","Plains","Warm Temperate Moist",105,207,54,"Warm Temperate Moist Cropland on Plains","#69CF36",-5,133,18.9583333333334,417,16.05,17.05,1,0.3672
160,"Athene noctua",44.9045837071,12.1631322429,2026-03-08,"inat","Warm Temperate","Moist","Cropland","Plains","Warm Temperate Moist",105,207,54,"Warm Temperate Moist Cropland on Plains","#69CF36",-4,134,17.9833333333333,448,16.15,17.2500000000001,1.10000000000002,0.4781
160,"Athene noctua",44.615068,10.737606,2026-03-05,"gbif","Warm Temperate","Moist","Cropland","Plains","Warm Temperate Moist",105,207,54,"Warm Temperate Moist Cropland on Plains","#69CF36",68,135,19.1166666666667,472,14.65,15.65,1,0.5464
160,"Tyto alba",45.265817,12.125916,NA,"gbif","Warm Temperate","Moist","Cropland","Plains","Warm Temperate Moist",105,207,54,"Warm Temperate Moist Cropland on Plains","#69CF36",-1,136,17.8,558,15.55,16.7500000000001,1.20000000000005,0.5573
160,"Tyto alba",44.334076,12.309815,NA,"gbif","Warm Temperate","Moist","Cropland","Plains","Warm Temperate Moist",105,207,54,"Warm Temperate Moist Cropland on Plains","#69CF36",-2,137,19.4916666666667,406,16.2500000000001,17.35,1.09999999999997,0.735
160,"Tyto alba",45.969212393,12.9271104769,2026-03-11,"inat","Warm Temperate","Moist","Cropland","Plains","Warm Temperate Moist",105,207,54,"Warm Temperate Moist Cropland on Plains","#69CF36",45,138,17.6166666666667,938,13.95,15.05,1.09999999999997,0.3273
160,"Tyto alba",44.955080272,12.4053863436,2026-01-02,"inat","Warm Temperate","Moist","Cropland","Plains","Warm Temperate Moist",105,207,54,"Warm Temperate Moist Cropland on Plains","#69CF36",-3,139,16.9083333333334,459,16.85,17.95,1.10000000000002,0.9024
160,"Athene noctua",45.640454,11.462871,2026-03-01,"gbif","Warm Temperate","Moist","Cropland","Plains","Warm Temperate Moist",105,207,54,"Warm Temperate Moist Cropland on Plains","#69CF36",75,140,17.6,790,14.05,15.15,1.10000000000002,0.5497
160,"Tyto alba",45.3520251186,8.3416571327,2025-12-16,"inat","Warm Temperate","Moist","Cropland","Plains","Warm Temperate Moist",105,207,54,"Warm Temperate Moist Cropland on Plains","#69CF36",139,141,18.075,673,13.55,14.85,1.30000000000001,0.3781
160,"Athene noctua",45.4145065089,12.1107825637,2026-04-07,"inat","Warm Temperate","Moist","Cropland","Plains","Warm Temperate Moist",105,207,54,"Warm Temperate Moist Cropland on Plains","#69CF36",0,142,17.6416666666667,597,15.15,16.35,1.19999999999999,0.5387
160,"Tyto alba",45.4542388889,10.2730333333,2025-10-18,"inat","Warm Temperate","Moist","Cropland","Plains","Warm Temperate Moist",105,207,54,"Warm Temperate Moist Cropland on Plains","#69CF36",111,143,18.025,752,14.55,15.7500000000001,1.20000000000005,0.6533
160,"Athene noctua",44.6712965584,11.136620073,2026-05-03,"inat","Warm Temperate","Moist","Cropland","Plains","Warm Temperate Moist",105,207,54,"Warm Temperate Moist Cropland on Plains","#69CF36",18,144,19.8583333333333,407,15.2500000000001,16.2500000000001,1,0.4913
160,"Tyto alba",44.681798,10.974744,NA,"gbif","Warm Temperate","Moist","Cropland","Plains","Warm Temperate Moist",105,207,54,"Warm Temperate Moist Cropland on Plains","#69CF36",25,145,19.6166666666667,426,15.05,16.05,1,0.4012
160,"Tyto alba",45.0971661195,10.2134110406,2026-02-27,"inat","Warm Temperate","Moist","Cropland","Plains","Warm Temperate Moist",105,207,54,"Warm Temperate Moist Cropland on Plains","#69CF36",29,146,18.6,638,14.55,15.7500000000001,1.20000000000005,0.5767
160,"Tyto alba",44.760742,10.522563,NA,"gbif","Warm Temperate","Moist","Cropland","Plains","Warm Temperate Moist",105,207,54,"Warm Temperate Moist Cropland on Plains","#69CF36",32,147,19.0583333333334,478,14.7500000000001,15.85,1.09999999999997,0.5885
160,"Athene noctua",45.557551,8.542862,2026-03-12,"gbif","Warm Temperate","Moist","Cropland","Plains","Warm Temperate Moist",105,207,54,"Warm Temperate Moist Cropland on Plains","#69CF36",200,148,17.6833333333334,818,13.45,14.65,1.19999999999999,0.5795
160,"Athene noctua",45.5575511541,8.5428624996,2026-03-12,"inat","Warm Temperate","Moist","Cropland","Plains","Warm Temperate Moist",105,207,54,"Warm Temperate Moist Cropland on Plains","#69CF36",200,149,17.6833333333334,818,13.45,14.65,1.19999999999999,0.5795
160,"Tyto alba",45.1605516667,10.2914466667,2025-11-04,"inat","Warm Temperate","Moist","Cropland","Plains","Warm Temperate Moist",105,207,54,"Warm Temperate Moist Cropland on Plains","#69CF36",34,150,18.575,662,14.55,15.7500000000001,1.20000000000005,0.5219
160,"Athene noctua",45.052273,10.916748,2026-01-23,"gbif","Warm Temperate","Moist","Cropland","Plains","Warm Temperate Moist",105,207,54,"Warm Temperate Moist Cropland on Plains","#69CF36",17,151,18.8166666666667,550,14.7500000000001,15.85,1.09999999999997,0.5623
160,"Tyto alba",45.0749049936,11.8672282621,2026-02-10,"inat","Warm Temperate","Moist","Cropland","Plains","Warm Temperate Moist",105,207,54,"Warm Temperate Moist Cropland on Plains","#69CF36",-1,152,19.2500000000001,501,15.2500000000001,16.35,1.09999999999997,0.3851
160,"Athene noctua",45.4465620867,9.4898219071,2026-03-20,"inat","Warm Temperate","Moist","Cropland","Plains","Warm Temperate Moist",105,207,54,"Warm Temperate Moist Cropland on Plains","#69CF36",89,153,18.25,838,13.85,15.05,1.19999999999999,0.795
160,"Tyto alba",45.031106,12.099613,NA,"gbif","Warm Temperate","Moist","Cropland","Plains","Warm Temperate Moist",105,207,54,"Warm Temperate Moist Cropland on Plains","#69CF36",-2,154,18.4666666666667,486,15.7500000000001,16.85,1.09999999999997,0.347
160,"Athene noctua",45.264742,9.749943,2026-01-10,"gbif","Warm Temperate","Moist","Cropland","Plains","Warm Temperate Moist",105,207,54,"Warm Temperate Moist Cropland on Plains","#69CF36",62,155,18.3166666666667,781,14.2500000000001,15.45,1.19999999999999,0.6323
160,"Athene noctua",45.2489829344,12.1558996713,2026-05-09,"inat","Warm Temperate","Moist","Cropland","Plains","Warm Temperate Moist",105,207,54,"Warm Temperate Moist Cropland on Plains","#69CF36",-1,156,17.6666666666667,556,15.7500000000001,16.95,1.19999999999999,0.5605
160,"Athene noctua",45.5239994305,9.5071868803,2026-04-01,"inat","Warm Temperate","Moist","Cropland","Plains","Warm Temperate Moist",105,207,54,"Warm Temperate Moist Cropland on Plains","#69CF36",129,157,17.975,895,13.65,14.85,1.19999999999999,0.5419
160,"Tyto alba",45.1516831654,12.0597327501,2026-01-26,"inat","Warm Temperate","Moist","Cropland","Plains","Warm Temperate Moist",105,207,54,"Warm Temperate Moist Cropland on Plains","#69CF36",-2,158,18.5000000000001,525,15.45,16.65,1.19999999999999,0.4723
160,"Athene noctua",45.3002370475,8.262885008,2026-04-07,"inat","Warm Temperate","Moist","Cropland","Plains","Warm Temperate Moist",105,207,54,"Warm Temperate Moist Cropland on Plains","#69CF36",150,159,17.9666666666667,633,13.45,14.7500000000001,1.30000000000001,0.5481
160,"Tyto alba",44.488132,11.647315,NA,"gbif","Warm Temperate","Moist","Cropland","Plains","Warm Temperate Moist",105,207,54,"Warm Temperate Moist Cropland on Plains","#69CF36",18,160,20.1,394,15.55,16.55,1,0.2068
160,"Athene noctua",45.0670412276,8.6078465916,2026-03-23,"inat","Warm Temperate","Moist","Cropland","Plains","Warm Temperate Moist",105,207,54,"Warm Temperate Moist Cropland on Plains","#69CF36",91,161,18.6916666666667,546,14.05,15.35,1.30000000000001,0.4964
160,"Athene noctua",45.477969,8.91569,2026-03-29,"gbif","Warm Temperate","Moist","Cropland","Plains","Warm Temperate Moist",105,207,54,"Warm Temperate Moist Cropland on Plains","#69CF36",141,162,18.2,811,13.7500000000001,14.95,1.19999999999999,0.6327
160,"Tyto alba",45.1111037,10.3339706,2025-07-27,"inat","Warm Temperate","Moist","Cropland","Plains","Warm Temperate Moist",105,207,54,"Warm Temperate Moist Cropland on Plains","#69CF36",31,163,18.5833333333334,634,14.55,15.7500000000001,1.20000000000005,0.4948
160,"Tyto alba",44.694901,11.240231,NA,"gbif","Warm Temperate","Moist","Cropland","Plains","Warm Temperate Moist",105,207,54,"Warm Temperate Moist Cropland on Plains","#69CF36",19,164,19.9083333333334,410,15.35,16.35,1,0.2322
160,"Tyto alba",45.2348489176,10.2194209768,2026-04-09,"inat","Warm Temperate","Moist","Cropland","Plains","Warm Temperate Moist",105,207,54,"Warm Temperate Moist Cropland on Plains","#69CF36",35,165,18.5833333333334,690,14.55,15.7500000000001,1.20000000000005,0.6948
160,"Athene noctua",44.6150682537,10.7376063287,2026-03-05,"inat","Warm Temperate","Moist","Cropland","Plains","Warm Temperate Moist",105,207,54,"Warm Temperate Moist Cropland on Plains","#69CF36",68,166,19.1166666666667,472,14.65,15.65,1,0.5464
160,"Tyto alba",45.0444507487,12.3169368065,2025-12-21,"inat","Warm Temperate","Moist","Cropland","Plains","Warm Temperate Moist",105,207,54,"Warm Temperate Moist Cropland on Plains","#69CF36",-4,167,16.925,493,16.55,17.65,1.10000000000002,0.5864
160,"Tyto alba",44.8015592536,10.6140817702,2025-11-03,"inat","Warm Temperate","Moist","Cropland","Plains","Warm Temperate Moist",105,207,54,"Warm Temperate Moist Cropland on Plains","#69CF36",23,168,19.1166666666667,470,14.7500000000001,15.85,1.09999999999997,0.2621
160,"Athene noctua",45.4452017997,10.5799833997,2026-03-01,"inat","Warm Temperate","Moist","Cropland","Plains","Warm Temperate Moist",105,207,54,"Warm Temperate Moist Cropland on Plains","#69CF36",85,169,18.1083333333333,709,14.95,16.15,1.19999999999999,0.6916
160,"Tyto alba",44.2719971401,12.2993969118,2025-01-09,"inat","Warm Temperate","Moist","Cropland","Plains","Warm Temperate Moist",105,207,54,"Warm Temperate Moist Cropland on Plains","#69CF36",-1,170,20.0916666666667,414,16.15,17.2500000000001,1.10000000000002,0.6173
160,"Tyto alba",45.68058938,13.0593612045,2025-09-20,"inat","Warm Temperate","Moist","Cropland","Plains","Warm Temperate Moist",105,207,54,"Warm Temperate Moist Cropland on Plains","#69CF36",0,171,17.0166666666667,877,15.65,16.65,1,0.634
160,"Athene noctua",43.8437101083,10.4617407103,2026-05-10,"inat","Warm Temperate","Moist","Cropland","Plains","Warm Temperate Moist",105,207,54,"Warm Temperate Moist Cropland on Plains","#69CF36",11,172,19.4166666666667,744,15.95,16.95,1,0.7452
160,"Tyto alba",45.7239,13.477553,NA,"gbif","Warm Temperate","Moist","Cropland","Plains","Warm Temperate Moist",105,207,54,"Warm Temperate Moist Cropland on Plains","#69CF36",-2,173,16.8333333333334,1096,15.95,16.95,1,0.5209
160,"Athene noctua",44.787367,11.1969,2026-01-17,"gbif","Warm Temperate","Moist","Cropland","Plains","Warm Temperate Moist",105,207,54,"Warm Temperate Moist Cropland on Plains","#69CF36",14,174,19.6916666666667,434,15.2500000000001,16.2500000000001,1,0.2272
160,"Tyto alba",44.7738533333,10.7283,2025-08-22,"inat","Warm Temperate","Moist","Cropland","Plains","Warm Temperate Moist",105,207,54,"Warm Temperate Moist Cropland on Plains","#69CF36",30,175,19.2166666666667,462,14.7500000000001,15.7500000000001,1,0.5946
160,"Tyto alba",45.0960758887,8.5892888904,2026-02-12,"inat","Warm Temperate","Moist","Cropland","Plains","Warm Temperate Moist",105,207,54,"Warm Temperate Moist Cropland on Plains","#69CF36",92,176,18.6583333333334,550,13.95,15.2500000000001,1.30000000000001,0.5217
160,"Athene noctua",45.523999,9.507187,2026-04-01,"gbif","Warm Temperate","Moist","Cropland","Plains","Warm Temperate Moist",105,207,54,"Warm Temperate Moist Cropland on Plains","#69CF36",129,177,17.975,895,13.65,14.85,1.19999999999999,0.5419
160,"Tyto alba",45.271699,10.366495,2026-04-24,"gbif","Warm Temperate","Moist","Cropland","Plains","Warm Temperate Moist",105,207,54,"Warm Temperate Moist Cropland on Plains","#69CF36",43,178,18.5000000000001,688,14.65,15.85,1.19999999999999,0.4997
161,"Athene noctua",45.431875,11.022043,2026-03-28,"inat","Warm Temperate","Moist","Settlement","Plains","Warm Temperate Moist",163,170,28,"Warm Temperate Moist Settlement on Plains","#A3AA1C",51,179,18.275,660,14.65,15.85,1.19999999999999,0.4679
161,"Athene noctua",45.4780343424,9.2178110689,2026-04-18,"inat","Warm Temperate","Moist","Settlement","Plains","Warm Temperate Moist",163,170,28,"Warm Temperate Moist Settlement on Plains","#A3AA1C",126,180,18.1666666666667,868,13.7500000000001,14.95,1.19999999999999,0.2742
161,"Tyto alba",45.213867,9.4997235,2024-12-16,"inat","Warm Temperate","Moist","Settlement","Plains","Warm Temperate Moist",163,170,28,"Warm Temperate Moist Settlement on Plains","#A3AA1C",65,181,18.4416666666667,745,14.2500000000001,15.55,1.29999999999995,0.4151
161,"Athene noctua",45.499311,12.264786,2026-04-07,"gbif","Warm Temperate","Moist","Settlement","Plains","Warm Temperate Moist",163,170,28,"Warm Temperate Moist Settlement on Plains","#A3AA1C",1,182,16.8333333333334,642,15.45,16.55,1.09999999999997,0.5723
161,"Tyto alba",45.05546,11.998707,NA,"gbif","Warm Temperate","Moist","Settlement","Plains","Warm Temperate Moist",163,170,28,"Warm Temperate Moist Settlement on Plains","#A3AA1C",0,183,19.1333333333334,493,15.45,16.55,1.09999999999997,0.453
161,"Athene noctua",45.459236,9.219443,2026-03-02,"gbif","Warm Temperate","Moist","Settlement","Plains","Warm Temperate Moist",163,170,28,"Warm Temperate Moist Settlement on Plains","#A3AA1C",117,184,18.2083333333334,852,13.85,15.05,1.19999999999999,0.335
161,"Athene noctua",45.5213703874,10.2506112042,2026-04-03,"inat","Warm Temperate","Moist","Settlement","Plains","Warm Temperate Moist",163,170,28,"Warm Temperate Moist Settlement on Plains","#A3AA1C",124,185,17.8666666666667,780,14.45,15.65,1.19999999999999,0.5054
161,"Tyto alba",44.9213136812,10.6542579085,2025-09-11,"inat","Warm Temperate","Moist","Settlement","Plains","Warm Temperate Moist",163,170,28,"Warm Temperate Moist Settlement on Plains","#A3AA1C",25,186,18.9,520,14.65,15.7500000000001,1.10000000000002,0.2729
161,"Athene noctua",44.660341,10.771991,2026-03-05,"gbif","Warm Temperate","Moist","Settlement","Plains","Warm Temperate Moist",163,170,28,"Warm Temperate Moist Settlement on Plains","#A3AA1C",48,187,19.275,455,14.7500000000001,15.7500000000001,1,0.2841
161,"Tyto alba",45.0949988205,8.7368050023,2025-11-17,"inat","Warm Temperate","Moist","Settlement","Plains","Warm Temperate Moist",163,170,28,"Warm Temperate Moist Settlement on Plains","#A3AA1C",95,188,18.7666666666667,552,14.15,15.45,1.30000000000001,0.2705
161,"Tyto alba",45.366312,10.218759,2025-03-01,"gbif","Warm Temperate","Moist","Settlement","Plains","Warm Temperate Moist",163,170,28,"Warm Temperate Moist Settlement on Plains","#A3AA1C",67,189,18.35,726,14.55,15.7500000000001,1.20000000000005,0.2901
161,"Athene noctua",45.1644986635,8.3709673025,2026-04-07,"inat","Warm Temperate","Moist","Settlement","Plains","Warm Temperate Moist",163,170,28,"Warm Temperate Moist Settlement on Plains","#A3AA1C",122,190,18.2833333333334,623,13.65,14.95,1.30000000000001,0.5706
161,"Athene noctua",45.4993111111,12.2647861111,2026-04-07,"inat","Warm Temperate","Moist","Settlement","Plains","Warm Temperate Moist",163,170,28,"Warm Temperate Moist Settlement on Plains","#A3AA1C",1,191,16.8333333333334,642,15.45,16.55,1.09999999999997,0.5723
161,"Tyto alba",45.2365875242,12.1687879561,2025-11-30,"inat","Warm Temperate","Moist","Settlement","Plains","Warm Temperate Moist",163,170,28,"Warm Temperate Moist Settlement on Plains","#A3AA1C",1,192,17.5500000000001,558,15.7500000000001,16.95,1.19999999999999,0.5477
161,"Athene noctua",45.52137,10.250611,2026-04-03,"gbif","Warm Temperate","Moist","Settlement","Plains","Warm Temperate Moist",163,170,28,"Warm Temperate Moist Settlement on Plains","#A3AA1C",124,193,17.8666666666667,780,14.45,15.65,1.19999999999999,0.5054
161,"Athene noctua",45.351832349,10.8443708718,2022-06-18,"inat","Warm Temperate","Moist","Settlement","Plains","Warm Temperate Moist",163,170,28,"Warm Temperate Moist Settlement on Plains","#A3AA1C",52,194,18.2916666666667,651,14.7500000000001,15.95,1.19999999999999,0.2667
161,"Athene noctua",45.431875,11.022043,2026-03-28,"gbif","Warm Temperate","Moist","Settlement","Plains","Warm Temperate Moist",163,170,28,"Warm Temperate Moist Settlement on Plains","#A3AA1C",51,195,18.275,660,14.65,15.85,1.19999999999999,0.4679
161,"Tyto alba",45.972097,12.70918,NA,"gbif","Warm Temperate","Moist","Settlement","Plains","Warm Temperate Moist",163,170,28,"Warm Temperate Moist Settlement on Plains","#A3AA1C",26,196,17.575,842,14.05,15.15,1.10000000000002,0.5185
161,"Athene noctua",45.521146,10.25071,2026-01-01,"gbif","Warm Temperate","Moist","Settlement","Plains","Warm Temperate Moist",163,170,28,"Warm Temperate Moist Settlement on Plains","#A3AA1C",124,197,17.8666666666667,780,14.45,15.65,1.19999999999999,0.5054
161,"Athene noctua",45.4237132519,11.8508331,2026-04-27,"inat","Warm Temperate","Moist","Settlement","Plains","Warm Temperate Moist",163,170,28,"Warm Temperate Moist Settlement on Plains","#A3AA1C",10,198,18.4,586,14.45,15.65,1.19999999999999,0.3918
161,"Athene noctua",45.453062,9.383891,2026-01-06,"gbif","Warm Temperate","Moist","Settlement","Plains","Warm Temperate Moist",163,170,28,"Warm Temperate Moist Settlement on Plains","#A3AA1C",104,199,18.2083333333334,842,13.85,15.05,1.19999999999999,0.275
161,"Athene noctua",45.5230438594,9.2698082328,2026-04-29,"inat","Warm Temperate","Moist","Settlement","Plains","Warm Temperate Moist",163,170,28,"Warm Temperate Moist Settlement on Plains","#A3AA1C",131,200,18.0916666666667,887,13.7500000000001,14.95,1.19999999999999,0.2642
161,"Athene noctua",45.6381272069,8.8024230667,2022-08-17,"inat","Warm Temperate","Moist","Settlement","Plains","Warm Temperate Moist",163,170,28,"Warm Temperate Moist Settlement on Plains","#A3AA1C",233,201,17.5666666666667,856,13.35,14.55,1.19999999999999,0.6594
161,"Tyto alba",46.088206,13.157114,NA,"gbif","Warm Temperate","Moist","Settlement","Plains","Warm Temperate Moist",163,170,28,"Warm Temperate Moist Settlement on Plains","#A3AA1C",125,202,17.2,1123,13.2500000000001,14.35,1.09999999999997,0.6125
161,"Athene noctua",45.562476,11.570767,2026-01-29,"gbif","Warm Temperate","Moist","Settlement","Plains","Warm Temperate Moist",163,170,28,"Warm Temperate Moist Settlement on Plains","#A3AA1C",36,203,18.0083333333334,714,14.15,15.2500000000001,1.10000000000002,0.6367
161,"Athene noctua",44.6603412703,10.7719908025,2026-03-05,"inat","Warm Temperate","Moist","Settlement","Plains","Warm Temperate Moist",163,170,28,"Warm Temperate Moist Settlement on Plains","#A3AA1C",48,204,19.275,455,14.7500000000001,15.7500000000001,1,0.2841
161,"Athene noctua",45.4628293052,9.2230583255,2026-04-04,"inat","Warm Temperate","Moist","Settlement","Plains","Warm Temperate Moist",163,170,28,"Warm Temperate Moist Settlement on Plains","#A3AA1C",119,205,18.2083333333334,852,13.85,15.05,1.19999999999999,0.3496
161,"Tyto alba",45.402943,10.271388,NA,"gbif","Warm Temperate","Moist","Settlement","Plains","Warm Temperate Moist",163,170,28,"Warm Temperate Moist Settlement on Plains","#A3AA1C",83,206,18.2166666666667,736,14.65,15.85,1.19999999999999,0.3459
161,"Athene noctua",45.0166529464,7.6186222583,2026-04-24,"inat","Warm Temperate","Moist","Settlement","Plains","Warm Temperate Moist",163,170,28,"Warm Temperate Moist Settlement on Plains","#A3AA1C",249,207,17.4166666666667,610,13.2500000000001,14.55,1.29999999999995,0.3505
161,"Athene noctua",44.8207785236,8.6755840201,2026-03-11,"inat","Warm Temperate","Moist","Settlement","Plains","Warm Temperate Moist",163,170,28,"Warm Temperate Moist Settlement on Plains","#A3AA1C",114,208,18.35,535,13.95,15.15,1.19999999999999,0.6661
161,"Tyto alba",46.085824,13.014911,NA,"gbif","Warm Temperate","Moist","Settlement","Plains","Warm Temperate Moist",163,170,28,"Warm Temperate Moist Settlement on Plains","#A3AA1C",124,209,17.0916666666667,1043,13.35,14.45,1.10000000000002,0.5965
161,"Athene noctua",43.797004,11.1965391,2021-09-08,"inat","Warm Temperate","Moist","Settlement","Plains","Warm Temperate Moist",163,170,28,"Warm Temperate Moist Settlement on Plains","#A3AA1C",40,210,19.6416666666667,584,15.45,16.45,1,0.3235
161,"Athene noctua",45.0562068747,11.9980109671,2026-04-05,"inat","Warm Temperate","Moist","Settlement","Plains","Warm Temperate Moist",163,170,28,"Warm Temperate Moist Settlement on Plains","#A3AA1C",1,211,19.1333333333334,493,15.45,16.55,1.09999999999997,0.453
161,"Athene noctua",45.4966673517,8.3895323798,2022-02-12,"inat","Warm Temperate","Moist","Settlement","Plains","Warm Temperate Moist",163,170,28,"Warm Temperate Moist Settlement on Plains","#A3AA1C",185,212,17.7083333333334,789,13.35,14.65,1.30000000000001,0.3987
161,"Tyto alba",45.5302312339,8.9940435775,2024-05-14,"inat","Warm Temperate","Moist","Settlement","Plains","Warm Temperate Moist",163,170,28,"Warm Temperate Moist Settlement on Plains","#A3AA1C",162,213,17.9666666666667,866,13.65,14.85,1.19999999999999,0.4596
161,"Tyto alba",45.349719,10.348627,2025-04-10,"gbif","Warm Temperate","Moist","Settlement","Plains","Warm Temperate Moist",163,170,28,"Warm Temperate Moist Settlement on Plains","#A3AA1C",67,214,18.325,711,14.65,15.85,1.19999999999999,0.3419
162,"Tyto alba",45.0421562195,9.7537965775,2026-03-21,"inat","Warm Temperate","Moist","Sparsely or Non vegetated","Plains","Warm Temperate Moist",141,205,53,"Warm Temperate Moist Sparsely or Non vegetated on Plains","#8DCD35",46,215,18.4083333333334,703,14.45,15.65,1.19999999999999,0.4314
162,"Tyto alba",45.056449,12.03482,NA,"gbif","Warm Temperate","Moist","Sparsely or Non vegetated","Plains","Warm Temperate Moist",141,205,53,"Warm Temperate Moist Sparsely or Non vegetated on Plains","#8DCD35",0,216,18.9083333333334,493,15.55,16.65,1.10000000000002,0.3916
163,"Tyto alba",43.7547111111,10.7258388889,2022-03-19,"inat","Warm Temperate","Moist","Forest","Hills","Warm Temperate Moist",47,146,24,"Warm Temperate Moist Forest on Hills","#2F9218",55,217,19.575,687,15.2500000000001,16.2500000000001,1,0.8372
166,"Tyto alba",43.8158494848,10.3392401346,2026-01-03,"inat","Warm Temperate","Moist","Forest","Plains","Warm Temperate Moist",45,158,6,"Warm Temperate Moist Forest on Plains","#2D9E06",-3,218,18.7583333333334,871,16.85,17.85,1,0.7337
166,"Tyto alba",44.688775,11.088559,NA,"gbif","Warm Temperate","Moist","Forest","Plains","Warm Temperate Moist",45,158,6,"Warm Temperate Moist Forest on Plains","#2D9E06",20,219,19.7833333333334,414,15.15,16.15,1,0.7068
166,"Athene noctua",41.7741876002,12.2578342538,2026-05-02,"inat","Warm Temperate","Moist","Forest","Plains","Warm Temperate Moist",45,158,6,"Warm Temperate Moist Forest on Plains","#2D9E06",6,220,18.975,858,18.7500000000001,19.65,0.899999999999977,0.6181
166,"Tyto alba",44.593664,12.247462,NA,"gbif","Warm Temperate","Moist","Forest","Plains","Warm Temperate Moist",45,158,6,"Warm Temperate Moist Forest on Plains","#2D9E06",2,221,17.8750000000001,410,16.45,17.55,1.09999999999997,0.4523
166,"Tyto alba",41.741834,12.320578,2025-01-12,"gbif","Warm Temperate","Moist","Forest","Plains","Warm Temperate Moist",45,158,6,"Warm Temperate Moist Forest on Plains","#2D9E06",8,222,19.2083333333334,858,18.65,19.55,0.899999999999977,0.6145
166,"Tyto alba",46.013415,12.991669,NA,"gbif","Warm Temperate","Moist","Forest","Plains","Warm Temperate Moist",45,158,6,"Warm Temperate Moist Forest on Plains","#2D9E06",69,223,17.5416666666667,983,13.7500000000001,14.85,1.09999999999997,0.6892
166,"Tyto alba",41.45944,13.102517,NA,"gbif","Warm Temperate","Moist","Forest","Plains","Warm Temperate Moist",45,158,6,"Warm Temperate Moist Forest on Plains","#2D9E06",2,224,21.0083333333334,1122,17.55,18.45,0.900000000000034,0.6222
167,"Tyto alba",44.584671,12.247888,NA,"gbif","Warm Temperate","Moist","Shrubland","Plains","Warm Temperate Moist",101,184,9,"Warm Temperate Moist Shrubland on Plains","#65B809",-3,225,17.9166666666667,409,16.45,17.55,1.09999999999997,NA
167,"Tyto alba",45.188336,12.269849,NA,"gbif","Warm Temperate","Moist","Shrubland","Plains","Warm Temperate Moist",101,184,9,"Warm Temperate Moist Shrubland on Plains","#65B809",-1,226,17.0583333333333,549,16.2500000000001,17.45,1.19999999999999,0.4653
167,"Athene noctua",44.519555,11.6898333333,2026-05-07,"inat","Warm Temperate","Moist","Shrubland","Plains","Warm Temperate Moist",101,184,9,"Warm Temperate Moist Shrubland on Plains","#65B809",6,227,20.1166666666667,391,15.65,16.65,1,0.4261
167,"Tyto alba",44.611648,12.246612,NA,"gbif","Warm Temperate","Moist","Shrubland","Plains","Warm Temperate Moist",101,184,9,"Warm Temperate Moist Shrubland on Plains","#65B809",4,228,17.8000000000001,409,16.45,17.55,1.09999999999997,0.7316
167,"Tyto alba",44.957501,12.407611,NA,"gbif","Warm Temperate","Moist","Shrubland","Plains","Warm Temperate Moist",101,184,9,"Warm Temperate Moist Shrubland on Plains","#65B809",-2,229,16.9083333333334,459,16.85,17.95,1.10000000000002,0.334
167,"Tyto alba",45.338058,12.135024,NA,"gbif","Warm Temperate","Moist","Shrubland","Plains","Warm Temperate Moist",101,184,9,"Warm Temperate Moist Shrubland on Plains","#65B809",-3,230,17.6250000000001,578,15.45,16.65,1.19999999999999,0.5973
167,"Tyto alba",44.813635701,12.3963931253,2026-01-05,"inat","Warm Temperate","Moist","Shrubland","Plains","Warm Temperate Moist",101,184,9,"Warm Temperate Moist Shrubland on Plains","#65B809",-1,231,16.975,430,16.85,17.85,1,0.2741
167,"Tyto alba",44.813636,12.396393,2026-01-05,"gbif","Warm Temperate","Moist","Shrubland","Plains","Warm Temperate Moist",101,184,9,"Warm Temperate Moist Shrubland on Plains","#65B809",-1,232,16.975,430,16.85,17.85,1,0.2741
168,"Athene noctua",41.7373227989,12.4646706051,2026-05-01,"inat","Warm Temperate","Moist","Cropland","Hills","Warm Temperate Moist",112,198,86,"Warm Temperate Moist Cropland on Hills","#70C656",45,233,19.8750000000001,936,18.05,18.95,0.900000000000034,0.7499
168,"Tyto alba",42.015415,14.849373,NA,"gbif","Warm Temperate","Moist","Cropland","Hills","Warm Temperate Moist",112,198,86,"Warm Temperate Moist Cropland on Hills","#70C656",64,234,19.325,535,17.35,18.2500000000001,0.900000000000034,0.4337
168,"Tyto alba",44.8821085,8.0978373,2025-10-18,"inat","Warm Temperate","Moist","Cropland","Hills","Warm Temperate Moist",112,198,86,"Warm Temperate Moist Cropland on Hills","#70C656",163,235,18.2166666666667,486,13.65,14.95,1.30000000000001,0.6058
168,"Tyto alba",44.7445154423,8.8035491109,2026-03-27,"inat","Warm Temperate","Moist","Cropland","Hills","Warm Temperate Moist",112,198,86,"Warm Temperate Moist Cropland on Hills","#70C656",253,236,17.5166666666667,683,13.55,14.7500000000001,1.20000000000005,0.4269
168,"Athene noctua",45.1208446651,8.2113039494,2026-03-12,"inat","Warm Temperate","Moist","Cropland","Hills","Warm Temperate Moist",112,198,86,"Warm Temperate Moist Cropland on Hills","#70C656",216,237,17.6666666666667,625,13.2500000000001,14.55,1.29999999999995,0.7837
168,"Athene noctua",44.83239,8.341231,2026-04-03,"gbif","Warm Temperate","Moist","Cropland","Hills","Warm Temperate Moist",112,198,86,"Warm Temperate Moist Cropland on Hills","#70C656",154,238,18.0416666666667,561,13.65,14.95,1.30000000000001,0.5133
168,"Athene noctua",45.917294,13.532171,2026-03-01,"gbif","Warm Temperate","Moist","Cropland","Hills","Warm Temperate Moist",112,198,86,"Warm Temperate Moist Cropland on Hills","#70C656",47,239,17.3416666666667,1524,14.2500000000001,15.2500000000001,1,0.6295
168,"Tyto alba",41.910694,12.25729,NA,"gbif","Warm Temperate","Moist","Cropland","Hills","Warm Temperate Moist",112,198,86,"Warm Temperate Moist Cropland on Hills","#70C656",44,240,19.6750000000001,860,17.7500000000001,18.65,0.899999999999977,0.5965
168,"Tyto alba",44.725889,10.43325,NA,"gbif","Warm Temperate","Moist","Cropland","Hills","Warm Temperate Moist",112,198,86,"Warm Temperate Moist Cropland on Hills","#70C656",72,241,18.8083333333333,513,14.55,15.65,1.10000000000002,0.5773
168,"Athene noctua",44.8323899068,8.3412308246,2026-04-03,"inat","Warm Temperate","Moist","Cropland","Hills","Warm Temperate Moist",112,198,86,"Warm Temperate Moist Cropland on Hills","#70C656",154,242,18.0416666666667,561,13.65,14.95,1.30000000000001,0.5133
168,"Tyto alba",43.4771965791,13.4154801071,2025-08-21,"inat","Warm Temperate","Moist","Cropland","Hills","Warm Temperate Moist",112,198,86,"Warm Temperate Moist Cropland on Hills","#70C656",73,243,19.7416666666667,690,16.45,17.45,1,0.5744
168,"Tyto alba",43.09167,11.908223,2026-01-27,"gbif","Warm Temperate","Moist","Cropland","Hills","Warm Temperate Moist",112,198,86,"Warm Temperate Moist Cropland on Hills","#70C656",248,244,19.2833333333334,569,15.15,16.05,0.899999999999977,0.2345
169,"Athene noctua",44.8900919588,8.1930063818,2026-03-12,"inat","Warm Temperate","Moist","Settlement","Hills","Warm Temperate Moist",136,158,52,"Warm Temperate Moist Settlement on Hills","#889E34",117,245,18.2083333333334,510,13.7500000000001,15.05,1.29999999999995,0.4441
169,"Athene noctua",41.9530488225,12.5249124505,2026-04-25,"inat","Warm Temperate","Moist","Settlement","Hills","Warm Temperate Moist",136,158,52,"Warm Temperate Moist Settlement on Hills","#889E34",41,246,21.2333333333333,816,17.2500000000001,18.15,0.899999999999977,0.3532
169,"Athene noctua",45.6170434302,9.5462675393,2023-05-17,"inat","Warm Temperate","Moist","Settlement","Hills","Warm Temperate Moist",136,158,52,"Warm Temperate Moist Settlement on Hills","#889E34",182,247,17.5083333333334,961,13.45,14.65,1.19999999999999,0.5463
169,"Tyto alba",43.8825009834,12.9029478505,2025-09-07,"inat","Warm Temperate","Moist","Settlement","Hills","Warm Temperate Moist",136,158,52,"Warm Temperate Moist Settlement on Hills","#889E34",20,248,18.1666666666667,629,16.85,17.85,1,0.6258
169,"Athene noctua",45.6492022923,9.2707741633,2026-05-02,"inat","Warm Temperate","Moist","Settlement","Hills","Warm Temperate Moist",136,158,52,"Warm Temperate Moist Settlement on Hills","#889E34",213,249,17.4583333333334,967,13.45,14.65,1.19999999999999,0.4783
169,"Athene noctua",45.9098648971,13.5177161917,2026-04-21,"inat","Warm Temperate","Moist","Settlement","Hills","Warm Temperate Moist",136,158,52,"Warm Temperate Moist Settlement on Hills","#889E34",44,250,17.325,1506,14.35,15.35,1,0.6019
169,"Athene noctua",45.9134337559,13.5190710425,2026-04-27,"inat","Warm Temperate","Moist","Settlement","Hills","Warm Temperate Moist",136,158,52,"Warm Temperate Moist Settlement on Hills","#889E34",47,251,17.325,1506,14.35,15.35,1,0.7382
169,"Athene noctua",45.6929162441,9.2312276736,2025-06-13,"inat","Warm Temperate","Moist","Settlement","Hills","Warm Temperate Moist",136,158,52,"Warm Temperate Moist Settlement on Hills","#889E34",273,252,17.05,1000,13.2500000000001,14.45,1.19999999999999,0.553
170,"Athene noctua",43.128485,12.051226,2026-01-28,"gbif","Warm Temperate","Moist","Sparsely or Non vegetated","Hills","Warm Temperate Moist",137,195,87,"Warm Temperate Moist Sparsely or Non vegetated on Hills","#89C357",271,253,19.1583333333334,614,14.95,15.95,1,0.5058
172,"Athene noctua",45.757195,9.787985,2026-02-11,"gbif","Warm Temperate","Moist","Settlement","Mountains","Warm Temperate Moist",105,89,18,"Warm Temperate Moist Settlement on Mountains","#695912",328,254,16.2583333333334,1086,12.55,13.65,1.10000000000002,0.4285
172,"Athene noctua",44.386404,9.032169,2026-02-28,"gbif","Warm Temperate","Moist","Settlement","Mountains","Warm Temperate Moist",105,89,18,"Warm Temperate Moist Settlement on Mountains","#695912",78,255,17.425,997,16.15,17.35,1.19999999999999,0.4269
172,"Athene noctua",43.071275,12.6143333333,2025-08-16,"inat","Warm Temperate","Moist","Settlement","Mountains","Warm Temperate Moist",105,89,18,"Warm Temperate Moist Settlement on Mountains","#695912",433,256,18.5416666666667,907,14.2500000000001,15.15,0.899999999999977,0.5478
172,"Athene noctua",42.1030934631,12.1576189622,2026-03-21,"inat","Warm Temperate","Moist","Settlement","Mountains","Warm Temperate Moist",105,89,18,"Warm Temperate Moist Settlement on Mountains","#695912",302,257,18.7083333333334,933,15.7500000000001,16.65,0.899999999999977,0.6099
172,"Athene noctua",44.1564775009,8.2884854275,2026-03-19,"inat","Warm Temperate","Moist","Settlement","Mountains","Warm Temperate Moist",105,89,18,"Warm Temperate Moist Settlement on Mountains","#695912",7,258,17.7500000000001,668,16.55,17.85,1.30000000000001,0.4745
172,"Tyto alba",45.7303744759,8.4460909146,2026-03-24,"inat","Warm Temperate","Moist","Settlement","Mountains","Warm Temperate Moist",105,89,18,"Warm Temperate Moist Settlement on Mountains","#695912",340,259,16.4916666666667,1016,12.85,14.05,1.19999999999999,0.5077
172,"Athene noctua",45.642649,11.298429,2026-01-26,"gbif","Warm Temperate","Moist","Settlement","Mountains","Warm Temperate Moist",105,89,18,"Warm Temperate Moist Settlement on Mountains","#695912",261,260,16.275,935,13.05,14.15,1.10000000000002,0.6004
172,"Athene noctua",45.5228239907,11.3312548399,NA,"inat","Warm Temperate","Moist","Settlement","Mountains","Warm Temperate Moist",105,89,18,"Warm Temperate Moist Settlement on Mountains","#695912",121,261,17.5416666666667,788,13.95,15.05,1.09999999999997,0.3532
172,"Athene noctua",45.421812,8.06846,2026-01-07,"gbif","Warm Temperate","Moist","Settlement","Mountains","Warm Temperate Moist",105,89,18,"Warm Temperate Moist Settlement on Mountains","#695912",313,262,16.85,700,12.85,14.15,1.30000000000001,0.6921
172,"Athene noctua",44.428514,8.844913,2026-03-04,"gbif","Warm Temperate","Moist","Settlement","Mountains","Warm Temperate Moist",105,89,18,"Warm Temperate Moist Settlement on Mountains","#695912",36,263,17.8916666666667,731,16.05,17.35,1.30000000000001,0.4342
172,"Athene noctua",44.479474156,7.8769689426,2026-04-30,"inat","Warm Temperate","Moist","Settlement","Mountains","Warm Temperate Moist",105,89,18,"Warm Temperate Moist Settlement on Mountains","#695912",352,264,17.1083333333333,661,12.85,14.15,1.30000000000001,0.4692
172,"Athene noctua",45.6918209191,9.5678207651,2026-04-17,"inat","Warm Temperate","Moist","Settlement","Mountains","Warm Temperate Moist",105,89,18,"Warm Temperate Moist Settlement on Mountains","#695912",234,265,17.1083333333333,1000,13.2500000000001,14.45,1.19999999999999,0.4451
172,"Athene noctua",45.763402,9.80133,2026-03-13,"gbif","Warm Temperate","Moist","Settlement","Mountains","Warm Temperate Moist",105,89,18,"Warm Temperate Moist Settlement on Mountains","#695912",355,266,16.1666666666667,1103,12.55,13.65,1.10000000000002,0.4727
172,"Athene noctua",45.7634020954,9.8013295233,2026-03-13,"inat","Warm Temperate","Moist","Settlement","Mountains","Warm Temperate Moist",105,89,18,"Warm Temperate Moist Settlement on Mountains","#695912",355,267,16.1666666666667,1103,12.55,13.65,1.10000000000002,0.4727
172,"Athene noctua",45.87257,8.644647,2026-03-08,"gbif","Warm Temperate","Moist","Settlement","Mountains","Warm Temperate Moist",105,89,18,"Warm Temperate Moist Settlement on Mountains","#695912",228,268,17.1916666666667,974,13.7500000000001,14.95,1.19999999999999,0.7803
172,"Tyto alba",45.70672,9.276204,NA,"gbif","Warm Temperate","Moist","Settlement","Mountains","Warm Temperate Moist",105,89,18,"Warm Temperate Moist Settlement on Mountains","#695912",314,269,16.7833333333334,1021,13.05,14.2500000000001,1.20000000000005,0.7252
172,"Athene noctua",45.8725697945,8.6446473375,2026-03-08,"inat","Warm Temperate","Moist","Settlement","Mountains","Warm Temperate Moist",105,89,18,"Warm Temperate Moist Settlement on Mountains","#695912",228,270,17.1916666666667,974,13.7500000000001,14.95,1.19999999999999,0.7803
172,"Athene noctua",44.156478,8.288485,2026-03-19,"gbif","Warm Temperate","Moist","Settlement","Mountains","Warm Temperate Moist",105,89,18,"Warm Temperate Moist Settlement on Mountains","#695912",7,271,17.7500000000001,668,16.55,17.85,1.30000000000001,0.4745
172,"Athene noctua",40.8107408199,14.4998268038,2026-05-01,"inat","Warm Temperate","Moist","Settlement","Mountains","Warm Temperate Moist",105,89,18,"Warm Temperate Moist Settlement on Mountains","#695912",97,272,19.6583333333334,1265,17.95,18.7500000000001,0.800000000000011,0.379
172,"Athene noctua",45.606006,9.900576,2026-03-03,"gbif","Warm Temperate","Moist","Settlement","Mountains","Warm Temperate Moist",105,89,18,"Warm Temperate Moist Settlement on Mountains","#695912",186,273,17.3833333333334,884,13.45,14.65,1.19999999999999,0.3873
173,"Tyto alba",42.4185383333,12.038425,2026-01-12,"inat","Warm Temperate","Moist","Cropland","Mountains","Warm Temperate Moist",100,150,37,"Warm Temperate Moist Cropland on Mountains","#649625",235,274,19.6,802,15.7500000000001,16.7500000000001,1,0.5976
173,"Tyto alba",40.943978,14.776982,2026-03-25,"gbif","Warm Temperate","Moist","Cropland","Mountains","Warm Temperate Moist",100,150,37,"Warm Temperate Moist Cropland on Mountains","#649625",405,275,18.7916666666667,1202,15.55,16.35,0.800000000000011,0.7659
173,"Tyto alba",43.645736,11.473622,NA,"gbif","Warm Temperate","Moist","Cropland","Mountains","Warm Temperate Moist",100,150,37,"Warm Temperate Moist Cropland on Mountains","#649625",167,276,19.2083333333334,678,15.05,16.05,1,0.7814
173,"Tyto alba",42.868708,11.160778,NA,"gbif","Warm Temperate","Moist","Cropland","Mountains","Warm Temperate Moist",100,150,37,"Warm Temperate Moist Cropland on Mountains","#649625",150,277,19.4916666666667,624,16.15,17.05,0.899999999999977,0.7589
173,"Tyto alba",43.5489052849,11.8559549887,2026-01-28,"inat","Warm Temperate","Moist","Cropland","Mountains","Warm Temperate Moist",100,150,37,"Warm Temperate Moist Cropland on Mountains","#649625",259,278,18.6333333333334,656,14.55,15.55,1,0.6388
173,"Athene noctua",40.8768139942,15.1201734718,2026-04-06,"inat","Warm Temperate","Moist","Cropland","Mountains","Warm Temperate Moist",100,150,37,"Warm Temperate Moist Cropland on Mountains","#649625",635,279,17.5416666666667,1070,14.05,14.85,0.800000000000011,0.5902
173,"Athene noctua",43.276884,11.313824,2026-01-22,"gbif","Warm Temperate","Moist","Cropland","Mountains","Warm Temperate Moist",100,150,37,"Warm Temperate Moist Cropland on Mountains","#649625",237,280,19.2916666666667,543,14.85,15.85,1,0.6613
173,"Athene noctua",43.277092,11.31453,2026-01-22,"gbif","Warm Temperate","Moist","Cropland","Mountains","Warm Temperate Moist",100,150,37,"Warm Temperate Moist Cropland on Mountains","#649625",237,281,19.2916666666667,543,14.85,15.85,1,0.6388
173,"Tyto alba",40.9439781038,14.7769821435,2026-03-25,"inat","Warm Temperate","Moist","Cropland","Mountains","Warm Temperate Moist",100,150,37,"Warm Temperate Moist Cropland on Mountains","#649625",405,282,18.7916666666667,1202,15.55,16.35,0.800000000000011,0.7659
173,"Athene noctua",43.932182,10.328969,2026-04-09,"gbif","Warm Temperate","Moist","Cropland","Mountains","Warm Temperate Moist",100,150,37,"Warm Temperate Moist Cropland on Mountains","#649625",128,283,17.8666666666667,1081,16.15,17.15,1,0.8122
173,"Tyto alba",38.1788099412,15.3081778809,2023-10-05,"inat","Warm Temperate","Moist","Cropland","Mountains","Warm Temperate Moist",100,150,37,"Warm Temperate Moist Cropland on Mountains","#649625",116,284,20.6166666666667,857,19.55,20.35,0.800000000000011,0.4508
173,"Tyto alba",42.317778,14.047729,NA,"gbif","Warm Temperate","Moist","Cropland","Mountains","Warm Temperate Moist",100,150,37,"Warm Temperate Moist Cropland on Mountains","#649625",123,285,19.8666666666667,711,15.7500000000001,16.7500000000001,1,0.5964
173,"Tyto alba",41.58279,12.942963,NA,"gbif","Warm Temperate","Moist","Cropland","Mountains","Warm Temperate Moist",100,150,37,"Warm Temperate Moist Cropland on Mountains","#649625",44,286,20.8833333333334,1144,17.45,18.35,0.899999999999977,0.6229
173,"Athene noctua",44.7095068937,8.81270919,2026-04-14,"inat","Warm Temperate","Moist","Cropland","Mountains","Warm Temperate Moist",100,150,37,"Warm Temperate Moist Cropland on Mountains","#649625",298,287,17.175,727,13.35,14.55,1.19999999999999,0.7782
173,"Athene noctua",44.392454,7.429751,2026-03-08,"gbif","Warm Temperate","Moist","Cropland","Mountains","Warm Temperate Moist",100,150,37,"Warm Temperate Moist Cropland on Mountains","#649625",587,288,15.9916666666667,929,12.55,13.95,1.40000000000003,0.6781
173,"Athene noctua",45.1495473372,7.4998413996,2026-03-20,"inat","Warm Temperate","Moist","Cropland","Mountains","Warm Temperate Moist",100,150,37,"Warm Temperate Moist Cropland on Mountains","#649625",341,289,16.5000000000001,830,12.85,14.15,1.30000000000001,0.8075
173,"Athene noctua",42.028209,12.920047,2026-02-09,"gbif","Warm Temperate","Moist","Cropland","Mountains","Warm Temperate Moist",100,150,37,"Warm Temperate Moist Cropland on Mountains","#649625",424,290,19.2083333333334,1323,15.05,15.95,0.900000000000034,0.6802
173,"Athene noctua",45.722655,9.649173,2026-02-18,"gbif","Warm Temperate","Moist","Cropland","Mountains","Warm Temperate Moist",100,150,37,"Warm Temperate Moist Cropland on Mountains","#649625",315,291,16.3000000000001,1027,12.55,13.7500000000001,1.20000000000005,0.7965
173,"Tyto alba",42.818648,13.697569,NA,"gbif","Warm Temperate","Moist","Cropland","Mountains","Warm Temperate Moist",100,150,37,"Warm Temperate Moist Cropland on Mountains","#649625",270,292,18.1166666666667,849,15.45,16.35,0.899999999999977,0.3504
173,"Tyto alba",43.8707300345,12.5084649771,2025-09-10,"inat","Warm Temperate","Moist","Cropland","Mountains","Warm Temperate Moist",100,150,37,"Warm Temperate Moist Cropland on Mountains","#649625",350,293,17.3666666666667,691,14.55,15.55,1,0.5764
173,"Tyto alba",43.848521,12.754735,NA,"gbif","Warm Temperate","Moist","Cropland","Mountains","Warm Temperate Moist",100,150,37,"Warm Temperate Moist Cropland on Mountains","#649625",46,294,18.5000000000001,603,16.35,17.35,1,0.4438
173,"Athene noctua",45.6449369806,9.8785409331,2026-04-23,"inat","Warm Temperate","Moist","Cropland","Mountains","Warm Temperate Moist",100,150,37,"Warm Temperate Moist Cropland on Mountains","#649625",221,295,16.9416666666667,955,13.05,14.2500000000001,1.20000000000005,0.6877
173,"Tyto alba",43.554066,10.541354,NA,"gbif","Warm Temperate","Moist","Cropland","Mountains","Warm Temperate Moist",100,150,37,"Warm Temperate Moist Cropland on Mountains","#649625",46,296,18.9916666666667,631,16.2500000000001,17.2500000000001,1,0.7753
173,"Athene noctua",44.804137,7.314126,2026-04-07,"gbif","Warm Temperate","Moist","Cropland","Mountains","Warm Temperate Moist",100,150,37,"Warm Temperate Moist Cropland on Mountains","#649625",377,297,16.6416666666667,863,13.05,14.35,1.30000000000001,0.5481
173,"Athene noctua",43.9321818,10.3289685997,2026-04-09,"inat","Warm Temperate","Moist","Cropland","Mountains","Warm Temperate Moist",100,150,37,"Warm Temperate Moist Cropland on Mountains","#649625",128,298,17.8666666666667,1081,16.15,17.15,1,0.8122
173,"Athene noctua",38.7303661644,16.4379233817,2026-04-19,"inat","Warm Temperate","Moist","Cropland","Mountains","Warm Temperate Moist",100,150,37,"Warm Temperate Moist Cropland on Mountains","#649625",513,299,18.3750000000001,1171,16.95,17.7500000000001,0.800000000000011,0.8061
173,"Tyto alba",42.569136,11.698634,NA,"gbif","Warm Temperate","Moist","Cropland","Mountains","Warm Temperate Moist",100,150,37,"Warm Temperate Moist Cropland on Mountains","#649625",315,300,18.8166666666667,707,15.35,16.2500000000001,0.900000000000034,0.6391
173,"Athene noctua",38.8066684127,16.5873019025,2026-04-29,"inat","Warm Temperate","Moist","Cropland","Mountains","Warm Temperate Moist",100,150,37,"Warm Temperate Moist Cropland on Mountains","#649625",69,301,21.4333333333334,872,19.2500000000001,20.05,0.799999999999955,0.5193
173,"Tyto alba",42.754485,11.853297,NA,"gbif","Warm Temperate","Moist","Cropland","Mountains","Warm Temperate Moist",100,150,37,"Warm Temperate Moist Cropland on Mountains","#649625",390,302,18.525,618,14.55,15.45,0.900000000000034,0.7522
173,"Athene noctua",44.6636945394,8.6436700488,2026-05-02,"inat","Warm Temperate","Moist","Cropland","Mountains","Warm Temperate Moist",100,150,37,"Warm Temperate Moist Cropland on Mountains","#649625",211,303,17.6333333333334,564,13.85,15.15,1.30000000000001,0.75
173,"Athene noctua",44.8041372,7.3141261,2026-04-07,"inat","Warm Temperate","Moist","Cropland","Mountains","Warm Temperate Moist",100,150,37,"Warm Temperate Moist Cropland on Mountains","#649625",377,304,16.6416666666667,863,13.05,14.35,1.30000000000001,0.5481
173,"Athene noctua",45.8058872032,11.7597749457,2026-03-14,"inat","Warm Temperate","Moist","Cropland","Mountains","Warm Temperate Moist",100,150,37,"Warm Temperate Moist Cropland on Mountains","#649625",190,305,16.5,952,13.05,14.15,1.10000000000002,0.793
173,"Athene noctua",45.712333,9.647101,2026-01-28,"gbif","Warm Temperate","Moist","Cropland","Mountains","Warm Temperate Moist",100,150,37,"Warm Temperate Moist Cropland on Mountains","#649625",444,306,15.8333333333334,1027,12.15,13.35,1.19999999999999,0.7781
173,"Athene noctua",44.404651,9.0013787,2026-04-28,"inat","Warm Temperate","Moist","Cropland","Mountains","Warm Temperate Moist",100,150,37,"Warm Temperate Moist Cropland on Mountains","#649625",223,307,17.1250000000001,970,15.7500000000001,16.95,1.19999999999999,0.684
173,"Tyto alba",45.69775,9.263316,NA,"gbif","Warm Temperate","Moist","Cropland","Mountains","Warm Temperate Moist",100,150,37,"Warm Temperate Moist Cropland on Mountains","#649625",289,308,17.0083333333334,1009,13.15,14.35,1.19999999999999,0.6279
173,"Athene noctua",45.3562932284,11.7081809947,2026-03-25,"inat","Warm Temperate","Moist","Cropland","Mountains","Warm Temperate Moist",100,150,37,"Warm Temperate Moist Cropland on Mountains","#649625",14,309,18.2666666666667,650,14.2500000000001,15.45,1.19999999999999,0.7535
173,"Athene noctua",45.6683931132,9.7910030186,2026-04-06,"inat","Warm Temperate","Moist","Cropland","Mountains","Warm Temperate Moist",100,150,37,"Warm Temperate Moist Cropland on Mountains","#649625",228,310,16.8416666666667,958,12.95,14.15,1.19999999999999,0.6761
173,"Tyto alba",40.594784,8.746102,2025-04-19,"gbif","Warm Temperate","Moist","Cropland","Mountains","Warm Temperate Moist",100,150,37,"Warm Temperate Moist Cropland on Mountains","#649625",351,311,19.8583333333333,605,16.55,17.55,1,0.3483
173,"Athene noctua",44.39245432,7.429751493,2026-03-08,"inat","Warm Temperate","Moist","Cropland","Mountains","Warm Temperate Moist",100,150,37,"Warm Temperate Moist Cropland on Mountains","#649625",587,312,15.9916666666667,929,12.55,13.95,1.40000000000003,0.6781
173,"Tyto alba",44.439977,11.381255,NA,"gbif","Warm Temperate","Moist","Cropland","Mountains","Warm Temperate Moist",100,150,37,"Warm Temperate Moist Cropland on Mountains","#649625",189,313,18.8916666666667,431,14.45,15.45,1,0.8142
173,"Athene noctua",44.2754009154,11.5859366208,2026-04-08,"inat","Warm Temperate","Moist","Cropland","Mountains","Warm Temperate Moist",100,150,37,"Warm Temperate Moist Cropland on Mountains","#649625",99,314,19.4333333333333,426,15.05,16.05,1,0.5033
173,"Tyto alba",42.7691909811,13.712875396,2025-08-28,"inat","Warm Temperate","Moist","Cropland","Mountains","Warm Temperate Moist",100,150,37,"Warm Temperate Moist Cropland on Mountains","#649625",229,315,18.4083333333334,870,15.65,16.55,0.899999999999977,0.4952
173,"Athene noctua",38.6710665974,16.5307116462,2026-04-19,"inat","Warm Temperate","Moist","Cropland","Mountains","Warm Temperate Moist",100,150,37,"Warm Temperate Moist Cropland on Mountains","#649625",40,316,20.9166666666667,948,19.65,20.45,0.800000000000011,0.3555
173,"Tyto alba",43.049323,10.577764,NA,"gbif","Warm Temperate","Moist","Cropland","Mountains","Warm Temperate Moist",100,150,37,"Warm Temperate Moist Cropland on Mountains","#649625",57,317,18.4583333333334,685,17.95,18.85,0.899999999999977,0.6244
173,"Athene noctua",45.3212560114,11.6519766301,2026-03-19,"inat","Warm Temperate","Moist","Cropland","Mountains","Warm Temperate Moist",100,150,37,"Warm Temperate Moist Cropland on Mountains","#649625",51,318,18.2333333333333,598,14.2500000000001,15.45,1.19999999999999,0.7085
173,"Athene noctua",45.668393,9.791003,2026-04-06,"gbif","Warm Temperate","Moist","Cropland","Mountains","Warm Temperate Moist",100,150,37,"Warm Temperate Moist Cropland on Mountains","#649625",228,319,16.8416666666667,958,12.95,14.15,1.19999999999999,0.6761
173,"Tyto alba",40.385046,15.088695,NA,"gbif","Warm Temperate","Moist","Cropland","Mountains","Warm Temperate Moist",100,150,37,"Warm Temperate Moist Cropland on Mountains","#649625",184,320,20.0583333333334,1466,17.7500000000001,18.55,0.799999999999955,0.683
173,"Tyto alba",43.497936,11.640728,NA,"gbif","Warm Temperate","Moist","Cropland","Mountains","Warm Temperate Moist",100,150,37,"Warm Temperate Moist Cropland on Mountains","#649625",253,321,18.8916666666667,551,14.55,15.55,1,0.7221
173,"Tyto alba",42.3356813578,11.9580321014,2025-08-15,"inat","Warm Temperate","Moist","Cropland","Mountains","Warm Temperate Moist",100,150,37,"Warm Temperate Moist Cropland on Mountains","#649625",163,322,19.7916666666667,759,16.45,17.35,0.899999999999977,0.5887
173,"Athene noctua",40.895503,14.0665589,2026-05-06,"inat","Warm Temperate","Moist","Cropland","Mountains","Warm Temperate Moist",100,150,37,"Warm Temperate Moist Cropland on Mountains","#649625",19,323,19.4,1067,18.7500000000001,19.55,0.799999999999955,0.5562
173,"Athene noctua",46.2215650045,13.1257069856,2026-03-15,"inat","Warm Temperate","Moist","Cropland","Mountains","Warm Temperate Moist",100,150,37,"Warm Temperate Moist Cropland on Mountains","#649625",203,324,16.2500000000001,1272,12.85,13.95,1.10000000000002,0.6744
173,"Tyto alba",43.9407013,8.0127558,2016-03-26,"inat","Warm Temperate","Moist","Cropland","Mountains","Warm Temperate Moist",100,150,37,"Warm Temperate Moist Cropland on Mountains","#649625",109,325,17.9666666666667,688,16.65,17.95,1.30000000000001,0.3935
173,"Athene noctua",42.4324445942,13.2804079146,2026-04-19,"inat","Warm Temperate","Moist","Cropland","Mountains","Warm Temperate Moist",100,150,37,"Warm Temperate Moist Cropland on Mountains","#649625",707,326,16.7583333333334,1012,13.45,14.45,1,0.6784
173,"Tyto alba",43.63674,11.473252,NA,"gbif","Warm Temperate","Moist","Cropland","Mountains","Warm Temperate Moist",100,150,37,"Warm Temperate Moist Cropland on Mountains","#649625",150,327,19.3083333333333,665,15.05,16.05,1,0.5392
173,"Athene noctua",46.221565,13.125707,2026-03-15,"gbif","Warm Temperate","Moist","Cropland","Mountains","Warm Temperate Moist",100,150,37,"Warm Temperate Moist Cropland on Mountains","#649625",203,328,16.2500000000001,1272,12.85,13.95,1.10000000000002,0.6744
173,"Tyto alba",43.548905,11.855955,2026-01-28,"gbif","Warm Temperate","Moist","Cropland","Mountains","Warm Temperate Moist",100,150,37,"Warm Temperate Moist Cropland on Mountains","#649625",259,329,18.6333333333334,656,14.55,15.55,1,0.6388
173,"Athene noctua",45.5993505098,11.4733716548,2026-05-09,"inat","Warm Temperate","Moist","Cropland","Mountains","Warm Temperate Moist",100,150,37,"Warm Temperate Moist Cropland on Mountains","#649625",64,330,17.5583333333334,771,13.95,15.05,1.09999999999997,0.6447
174,"Tyto alba",43.546122,11.859181,2026-03-10,"gbif","Warm Temperate","Moist","Sparsely or Non vegetated","Mountains","Warm Temperate Moist",126,149,37,"Warm Temperate Moist Sparsely or Non vegetated on Mountains","#7E9525",261,331,18.525,661,14.35,15.35,1,0.5345
174,"Tyto alba",43.5461224626,11.8591808368,2026-03-10,"inat","Warm Temperate","Moist","Sparsely or Non vegetated","Mountains","Warm Temperate Moist",126,149,37,"Warm Temperate Moist Sparsely or Non vegetated on Mountains","#7E9525",261,332,18.525,661,14.35,15.35,1,0.5345
176,"Tyto alba",43.9526363057,10.4312380104,2025-10-05,"inat","Warm Temperate","Moist","Forest","Mountains","Warm Temperate Moist",49,105,3,"Warm Temperate Moist Forest on Mountains","#316903",285,333,17.1916666666667,1016,14.45,15.45,1,0.7337
176,"Tyto alba",43.8364,10.3565,2025-02-21,"gbif","Warm Temperate","Moist","Forest","Mountains","Warm Temperate Moist",49,105,3,"Warm Temperate Moist Forest on Mountains","#316903",10,334,18.7833333333334,937,16.65,17.65,1,0.6757
176,"Tyto alba",38.918189,16.298008,NA,"gbif","Warm Temperate","Moist","Forest","Mountains","Warm Temperate Moist",49,105,3,"Warm Temperate Moist Forest on Mountains","#316903",51,335,20.275,1363,19.15,19.95,0.800000000000011,0.5833
176,"Tyto alba",40.203546,15.55846,NA,"gbif","Warm Temperate","Moist","Forest","Mountains","Warm Temperate Moist",49,105,3,"Warm Temperate Moist Forest on Mountains","#316903",400,336,19.2166666666667,1255,15.2500000000001,16.05,0.799999999999955,0.8247
176,"Tyto alba",43.8364,10.3565,2025-02-15,"gbif","Warm Temperate","Moist","Forest","Mountains","Warm Temperate Moist",49,105,3,"Warm Temperate Moist Forest on Mountains","#316903",10,337,18.7833333333334,937,16.65,17.65,1,0.6757
176,"Athene noctua",44.5986038357,8.8856808982,2026-04-08,"inat","Warm Temperate","Moist","Forest","Mountains","Warm Temperate Moist",49,105,3,"Warm Temperate Moist Forest on Mountains","#316903",591,338,15.3666666666667,970,12.35,13.55,1.19999999999999,0.7944
176,"Athene noctua",45.7061681922,9.6680971897,2026-04-30,"inat","Warm Temperate","Moist","Forest","Mountains","Warm Temperate Moist",49,105,3,"Warm Temperate Moist Forest on Mountains","#316903",312,339,16.6333333333334,1002,12.85,14.05,1.19999999999999,0.5876
176,"Athene noctua",45.700192,9.641609,2026-02-01,"gbif","Warm Temperate","Moist","Forest","Mountains","Warm Temperate Moist",49,105,3,"Warm Temperate Moist Forest on Mountains","#316903",298,340,16.425,1008,12.65,13.85,1.19999999999999,0.7316
176,"Athene noctua",45.827242607,8.8727316633,2026-04-04,"inat","Warm Temperate","Moist","Forest","Mountains","Warm Temperate Moist",49,105,3,"Warm Temperate Moist Forest on Mountains","#316903",350,341,16.5583333333334,986,13.05,14.2500000000001,1.20000000000005,0.8264
176,"Tyto alba",43.543362,12.011061,NA,"gbif","Warm Temperate","Moist","Forest","Mountains","Warm Temperate Moist",49,105,3,"Warm Temperate Moist Forest on Mountains","#316903",427,342,17.5833333333334,712,13.65,14.65,1,0.7639
176,"Tyto alba",43.0753166667,10.5990138889,2026-05-13,"inat","Warm Temperate","Moist","Forest","Mountains","Warm Temperate Moist",49,105,3,"Warm Temperate Moist Forest on Mountains","#316903",151,343,17.5416666666667,799,16.85,17.7500000000001,0.900000000000034,0.8064
176,"Tyto alba",43.8984390077,10.4676235365,2022-04-02,"inat","Warm Temperate","Moist","Forest","Mountains","Warm Temperate Moist",49,105,3,"Warm Temperate Moist Forest on Mountains","#316903",96,344,18.8833333333334,844,15.55,16.55,1,0.8594
176,"Athene noctua",45.0556303475,7.6873595772,2026-04-26,"inat","Warm Temperate","Moist","Forest","Mountains","Warm Temperate Moist",49,105,3,"Warm Temperate Moist Forest on Mountains","#316903",226,345,17.6416666666667,610,13.45,14.7500000000001,1.30000000000001,0.5106
176,"Tyto alba",42.799643,10.387972,NA,"gbif","Warm Temperate","Moist","Forest","Mountains","Warm Temperate Moist",49,105,3,"Warm Temperate Moist Forest on Mountains","#316903",349,346,16.3,676,16.85,17.7500000000001,0.900000000000034,0.7819
176,"Athene noctua",43.920403,8.056068,2026-04-02,"gbif","Warm Temperate","Moist","Forest","Mountains","Warm Temperate Moist",49,105,3,"Warm Temperate Moist Forest on Mountains","#316903",126,347,17.4833333333333,657,16.45,17.7500000000001,1.30000000000001,0.6941
176,"Athene noctua",45.827243,8.872732,2026-04-04,"gbif","Warm Temperate","Moist","Forest","Mountains","Warm Temperate Moist",49,105,3,"Warm Temperate Moist Forest on Mountains","#316903",350,348,16.5583333333334,986,13.05,14.2500000000001,1.20000000000005,0.8264
177,"Athene noctua",42.0040818334,12.3576902971,2026-04-11,"inat","Warm Temperate","Moist","Settlement","Tablelands","Warm Temperate Moist",62,63,152,"Warm Temperate Moist Settlement on Tablelands","#3E3F98",141,349,20.2583333333334,874,16.7500000000001,17.65,0.899999999999977,0.6107
177,"Athene noctua",42.0040868162,12.3577234894,2026-04-11,"inat","Warm Temperate","Moist","Settlement","Tablelands","Warm Temperate Moist",62,63,152,"Warm Temperate Moist Settlement on Tablelands","#3E3F98",141,350,20.2583333333334,874,16.7500000000001,17.65,0.899999999999977,0.6107
177,"Athene noctua",42.0040658882,12.357718125,2026-04-11,"inat","Warm Temperate","Moist","Settlement","Tablelands","Warm Temperate Moist",62,63,152,"Warm Temperate Moist Settlement on Tablelands","#3E3F98",141,351,20.2583333333334,874,16.7500000000001,17.65,0.899999999999977,0.6107
177,"Athene noctua",41.967941,12.410393,2026-02-08,"gbif","Warm Temperate","Moist","Settlement","Tablelands","Warm Temperate Moist",62,63,152,"Warm Temperate Moist Settlement on Tablelands","#3E3F98",137,352,20.3416666666667,903,16.7500000000001,17.65,0.899999999999977,0.5291
177,"Athene noctua",41.9685067681,12.4102250487,2026-05-09,"inat","Warm Temperate","Moist","Settlement","Tablelands","Warm Temperate Moist",62,63,152,"Warm Temperate Moist Settlement on Tablelands","#3E3F98",137,353,20.3416666666667,903,16.7500000000001,17.65,0.899999999999977,0.5291
178,"Tyto alba",43.755011,13.056352,NA,"gbif","Warm Temperate","Moist","Cropland","Tablelands","Warm Temperate Moist",61,89,194,"Warm Temperate Moist Cropland on Tablelands","#3D59C2",169,354,18.4333333333334,681,16.05,17.05,1,0.5479
178,"Athene noctua",41.912869,12.400693,2026-02-09,"gbif","Warm Temperate","Moist","Cropland","Tablelands","Warm Temperate Moist",61,89,194,"Warm Temperate Moist Cropland on Tablelands","#3D59C2",85,355,20.3000000000001,883,17.2500000000001,18.15,0.899999999999977,0.5646
178,"Tyto alba",42.239657,12.085534,NA,"gbif","Warm Temperate","Moist","Cropland","Tablelands","Warm Temperate Moist",61,89,194,"Warm Temperate Moist Cropland on Tablelands","#3D59C2",404,356,18.45,979,15.05,16.05,1,0.7589
180,"Tyto alba",42.1241885757,12.1228162944,2025-10-16,"inat","Warm Temperate","Moist","Forest","Tablelands","Warm Temperate Moist",69,72,136,"Warm Temperate Moist Forest on Tablelands","#454888",361,357,18.2416666666667,950,15.45,16.35,0.899999999999977,0.7144
184,"Tyto alba",40.378187,16.439986,2025-04-24,"gbif","Warm Temperate","Dry","Cropland","Mountains","Warm Temperate Dry",141,179,80,"Warm Temperate Dry Cropland on Mountains","#8DB350",320,358,21.4333333333334,474,16.55,17.35,0.800000000000011,0.4169
184,"Tyto alba",42.679957,11.142017,NA,"gbif","Warm Temperate","Dry","Cropland","Mountains","Warm Temperate Dry",141,179,80,"Warm Temperate Dry Cropland on Mountains","#8DB350",9,359,19.6416666666667,593,17.7500000000001,18.65,0.899999999999977,0.5021
184,"Athene noctua",39.6087023727,8.6056453362,2026-04-19,"inat","Warm Temperate","Dry","Cropland","Mountains","Warm Temperate Dry",141,179,80,"Warm Temperate Dry Cropland on Mountains","#8DB350",74,360,21.6916666666667,660,18.7500000000001,19.7500000000001,1,0.4601
184,"Tyto alba",40.3781870124,16.4399855149,2025-04-24,"inat","Warm Temperate","Dry","Cropland","Mountains","Warm Temperate Dry",141,179,80,"Warm Temperate Dry Cropland on Mountains","#8DB350",320,361,21.4333333333334,474,16.55,17.35,0.800000000000011,0.4169
184,"Tyto alba",37.5785716667,14.338995,2026-04-14,"inat","Warm Temperate","Dry","Cropland","Mountains","Warm Temperate Dry",141,179,80,"Warm Temperate Dry Cropland on Mountains","#8DB350",475,362,21.1083333333333,520,17.05,17.7500000000001,0.700000000000045,0.4415
184,"Tyto alba",37.947317,12.684292,NA,"gbif","Warm Temperate","Dry","Cropland","Mountains","Warm Temperate Dry",141,179,80,"Warm Temperate Dry Cropland on Mountains","#8DB350",145,363,22.525,740,19.85,20.55,0.699999999999989,0.3512
184,"Athene noctua",37.7505693802,13.1684893722,2026-04-07,"inat","Warm Temperate","Dry","Cropland","Mountains","Warm Temperate Dry",141,179,80,"Warm Temperate Dry Cropland on Mountains","#8DB350",364,364,21.1750000000001,754,18.45,19.15,0.699999999999989,0.3862
184,"Tyto alba",41.7881698171,15.4160684781,2025-09-08,"inat","Warm Temperate","Dry","Cropland","Mountains","Warm Temperate Dry",141,179,80,"Warm Temperate Dry Cropland on Mountains","#8DB350",55,365,21.7083333333334,526,17.95,18.7500000000001,0.800000000000011,0.334
184,"Tyto alba",40.638397,16.354393,NA,"gbif","Warm Temperate","Dry","Cropland","Mountains","Warm Temperate Dry",141,179,80,"Warm Temperate Dry Cropland on Mountains","#8DB350",171,366,22.2416666666667,485,16.95,17.7500000000001,0.800000000000011,0.432
184,"Tyto alba",36.852394,14.961053,NA,"gbif","Warm Temperate","Dry","Cropland","Mountains","Warm Temperate Dry",141,179,80,"Warm Temperate Dry Cropland on Mountains","#8DB350",122,367,21.5166666666667,435,20.05,20.7500000000001,0.700000000000045,0.2959
184,"Tyto alba",37.48833,13.241417,NA,"gbif","Warm Temperate","Dry","Cropland","Mountains","Warm Temperate Dry",141,179,80,"Warm Temperate Dry Cropland on Mountains","#8DB350",66,368,21.2,608,19.85,20.55,0.699999999999989,0.6598
187,"Tyto alba",40.4158133333,17.3602716667,2025-08-29,"inat","Warm Temperate","Dry","Cropland","Plains","Warm Temperate Dry",155,228,99,"Warm Temperate Dry Cropland on Plains","#9BE463",29,369,20.8083333333333,473,18.95,19.95,1,0.3989
187,"Tyto alba",40.4368133333,17.315345,2025-08-24,"inat","Warm Temperate","Dry","Cropland","Plains","Warm Temperate Dry",155,228,99,"Warm Temperate Dry Cropland on Plains","#9BE463",8,370,20.95,455,19.05,20.05,1,0.2035
187,"Tyto alba",41.446282,15.640814,NA,"gbif","Warm Temperate","Dry","Cropland","Plains","Warm Temperate Dry",155,228,99,"Warm Temperate Dry Cropland on Plains","#9BE463",50,371,22.9666666666667,455,17.95,18.65,0.699999999999989,0.2921
187,"Tyto alba",40.4276116667,17.2973633333,2025-08-24,"inat","Warm Temperate","Dry","Cropland","Plains","Warm Temperate Dry",155,228,99,"Warm Temperate Dry Cropland on Plains","#9BE463",8,372,20.8166666666667,461,19.05,20.05,1,0.2642
187,"Tyto alba",37.1099724876,14.3207676484,2025-12-13,"inat","Warm Temperate","Dry","Cropland","Plains","Warm Temperate Dry",155,228,99,"Warm Temperate Dry Cropland on Plains","#9BE463",31,373,22.0000000000001,456,20.05,20.7500000000001,0.700000000000045,0.2119
187,"Tyto alba",42.373650209,11.5595301054,2026-03-29,"inat","Warm Temperate","Dry","Cropland","Plains","Warm Temperate Dry",155,228,99,"Warm Temperate Dry Cropland on Plains","#9BE463",13,374,19.45,575,17.95,18.85,0.899999999999977,0.745
187,"Tyto alba",40.284488,18.054007,NA,"gbif","Warm Temperate","Dry","Cropland","Plains","Warm Temperate Dry",155,228,99,"Warm Temperate Dry Cropland on Plains","#9BE463",37,375,21.9583333333334,571,18.85,19.85,1,0.2359
187,"Athene noctua",39.7731483333,8.5929516667,2026-04-20,"inat","Warm Temperate","Dry","Cropland","Plains","Warm Temperate Dry",155,228,99,"Warm Temperate Dry Cropland on Plains","#9BE463",4,376,20.8916666666667,667,19.05,20.05,1,0.3998
190,"Athene noctua",41.2067079535,16.3738326075,2026-05-07,"inat","Warm Temperate","Dry","Cropland","Hills","Warm Temperate Dry",153,217,128,"Warm Temperate Dry Cropland on Hills","#99D980",152,377,20.5916666666667,486,17.45,18.45,1,0.5796
190,"Tyto alba",40.8514487592,8.2425416914,2025-10-28,"inat","Warm Temperate","Dry","Cropland","Hills","Warm Temperate Dry",153,217,128,"Warm Temperate Dry Cropland on Hills","#99D980",34,378,18.95,523,19.45,20.45,1,0.3702
190,"Tyto alba",37.6499377051,12.6885022906,2025-10-29,"inat","Warm Temperate","Dry","Cropland","Hills","Warm Temperate Dry",153,217,128,"Warm Temperate Dry Cropland on Hills","#99D980",23,379,21.1916666666667,558,20.45,21.15,0.699999999999989,0.3156
190,"Tyto alba",37.640223,12.648534,NA,"gbif","Warm Temperate","Dry","Cropland","Hills","Warm Temperate Dry",153,217,128,"Warm Temperate Dry Cropland on Hills","#99D980",47,380,20.7666666666667,559,20.45,21.15,0.699999999999989,0.4118
190,"Tyto alba",37.907816,12.514934,NA,"gbif","Warm Temperate","Dry","Cropland","Hills","Warm Temperate Dry",153,217,128,"Warm Temperate Dry Cropland on Hills","#99D980",21,381,21.6750000000001,635,20.55,21.2500000000001,0.700000000000045,0.4656
190,"Athene noctua",41.2699506715,16.3047556985,2026-05-05,"inat","Warm Temperate","Dry","Cropland","Hills","Warm Temperate Dry",153,217,128,"Warm Temperate Dry Cropland on Hills","#99D980",59,382,20.9250000000001,469,18.05,19.05,1,0.5942
191,"Tyto alba",37.474368,15.05121,NA,"gbif","Warm Temperate","Dry","Settlement","Hills","Warm Temperate Dry",173,187,99,"Warm Temperate Dry Settlement on Hills","#ADBB63",24,383,23.6916666666667,545,20.45,21.15,0.699999999999989,0.3568
191,"Tyto alba",36.7131766,14.7809948,2026-04-09,"inat","Warm Temperate","Dry","Settlement","Hills","Warm Temperate Dry",173,187,99,"Warm Temperate Dry Settlement on Hills","#ADBB63",11,384,20.7583333333334,442,21.05,21.7500000000001,0.700000000000045,0.3324
196,"Tyto alba",39.8574124955,8.6023667317,2026-05-06,"inat","Warm Temperate","Dry","Shrubland","Plains","Warm Temperate Dry",142,207,45,"Warm Temperate Dry Shrubland on Plains","#8ECF2D",5,385,21.0416666666667,667,18.95,19.95,1,0.4932
197,"Athene noctua",39.220798,9.162832,2026-02-15,"gbif","Warm Temperate","Dry","Sparsely or Non vegetated","Hills","Warm Temperate Dry",176,217,128,"Warm Temperate Dry Sparsely or Non vegetated on Hills","#B0D980",4,386,21.525,631,19.55,20.55,1,-0.0023
201,"Athene noctua",40.593183,8.34079,2026-04-15,"gbif","Warm Temperate","Dry","Sparsely or Non vegetated","Plains","Warm Temperate Dry",179,227,99,"Warm Temperate Dry Sparsely or Non vegetated on Plains","#B3E363",16,387,19.9166666666667,524,19.35,20.35,1,0.6367
